City,State
Mumbai,Maharashtra
Delhi,Delhi
Bangalore,Karnataka
Hyderabad,Telangana
Ahmedabad,Gujarat
Chennai,Tamil Nadu
Kolkata,West Bengal
Pune,Maharashtra
Jaipur,Rajasthan
Lucknow,Uttar Pradesh
Kanpur,Uttar Pradesh
Nagpur,Maharashtra
Indore,Madhya Pradesh
Thane,Maharashtra
Bhopal,Madhya Pradesh
Visakhapatnam,Andhra Pradesh
Patna,Bihar
Vadodara,Gujarat
Ghaziabad,Uttar Pradesh
Ludhiana,Punjab
Mumbai,Maharashtra
Delhi,Delhi
Bangalore,Karnataka
Hyderabad,Telangana
Ahmedabad,Gujarat
Chennai,Tamil Nadu
Kolkata,West Bengal
Pune,Maharashtra
Jaipur,Rajasthan
Lucknow,Uttar Pradesh
Kanpur,Uttar Pradesh
Nagpur,Maharashtra
Indore,Madhya Pradesh
Thane,Maharashtra
Bhopal,Madhya Pradesh
Visakhapatnam,Andhra Pradesh
Patna,Bihar
Vadodara,Gujarat
Ghaziabad,Uttar Pradesh
Ludhiana,Punjab
Mumbai,Maharashtra
Delhi,Delhi
Bangalore,Karnataka
Hyderabad,Telangana
Ahmedabad,Gujarat
Chennai,Tamil Nadu
Kolkata,West Bengal
Pune,Maharashtra
Jaipur,Rajasthan
Lucknow,Uttar Pradesh
Kanpur,Uttar Pradesh
Nagpur,Maharashtra
Indore,Madhya Pradesh
Thane,Maharashtra
Bhopal,Madhya Pradesh
Visakhapatnam,Andhra Pradesh
Patna,Bihar
Vadodara,Gujarat
Ghaziabad,Uttar Pradesh
Ludhiana,Punjab
Mumbai,Maharashtra
Delhi,Delhi
Bangalore,Karnataka
Hyderabad,Telangana
Ahmedabad,Gujarat
Chennai,Tamil Nadu
Kolkata,West Bengal
Pune,Maharashtra
Jaipur,Rajasthan
Lucknow,Uttar Pradesh
Kanpur,Uttar Pradesh
Nagpur,Maharashtra
Indore,Madhya Pradesh
Thane,Maharashtra
Bhopal,Madhya Pradesh
Visakhapatnam,Andhra Pradesh
Patna,Bihar
Vadodara,Gujarat
Ghaziabad,Uttar Pradesh
Ludhiana,Punjab
Mumbai,Maharashtra
Delhi,Delhi
Bangalore,Karnataka
Hyderabad,Telangana
Ahmedabad,Gujarat
Chennai,Tamil Nadu
Kolkata,West Bengal
Pune,Maharashtra
Jaipur,Rajasthan
Lucknow,Uttar Pradesh
Kanpur,Uttar Pradesh
Nagpur,Maharashtra
Indore,Madhya Pradesh
Thane,Maharashtra
Bhopal,Madhya Pradesh
Visakhapatnam,Andhra Pradesh
Patna,Bihar
Vadodara,Gujarat
Ghaziabad,Uttar Pradesh
Ludhiana,Punjab
Mumbai,Maharashtra
Delhi,Delhi
Bangalore,Karnataka
Hyderabad,Telangana
Ahmedabad,Gujarat
Chennai,Tamil Nadu
Kolkata,West Bengal
Pune,Maharashtra
Jaipur,Rajasthan
Lucknow,Uttar Pradesh
Kanpur,Uttar Pradesh
Nagpur,Maharashtra
Indore,Madhya Pradesh
Thane,Maharashtra
Bhopal,Madhya Pradesh
Visakhapatnam,Andhra Pradesh
Patna,Bihar
Vadodara,Gujarat
Ghaziabad,Uttar Pradesh
Ludhiana,Punjab
Mumbai,Maharashtra
Delhi,Delhi
Bangalore,Karnataka
Hyderabad,Telangana
Ahmedabad,Gujarat
Chennai,Tamil Nadu
Kolkata,West Bengal
Pune,Maharashtra
Jaipur,Rajasthan
Lucknow,Uttar Pradesh
Kanpur,Uttar Pradesh
Nagpur,Maharashtra
Indore,Madhya Pradesh
Thane,Maharashtra
Bhopal,Madhya Pradesh
Visakhapatnam,Andhra Pradesh
Patna,Bihar
Vadodara,Gujarat
Ghaziabad,Uttar Pradesh
Ludhiana,Punjab
Mumbai,Maharashtra
Delhi,Delhi
Bangalore,Karnataka
Hyderabad,Telangana
Ahmedabad,Gujarat
Chennai,Tamil Nadu
Kolkata,West Bengal
Pune,Maharashtra
Jaipur,Rajasthan
Lucknow,Uttar Pradesh
Kanpur,Uttar Pradesh
Nagpur,Maharashtra
Indore,Madhya Pradesh
Thane,Maharashtra
Bhopal,Madhya Pradesh
Visakhapatnam,Andhra Pradesh
Patna,Bihar
Vadodara,Gujarat
Ghaziabad,Uttar Pradesh
Ludhiana,Punjab
Mumbai,Maharashtra
Delhi,Delhi
Bangalore,Karnataka
Hyderabad,Telangana
Ahmedabad,Gujarat
Chennai,Tamil Nadu
Kolkata,West Bengal
Pune,Maharashtra
Jaipur,Rajasthan
Lucknow,Uttar Pradesh
Kanpur,Uttar Pradesh
Nagpur,Maharashtra
Indore,Madhya Pradesh
Thane,Maharashtra
Bhopal,Madhya Pradesh
Visakhapatnam,Andhra Pradesh
Patna,Bihar
Vadodara,Gujarat
Ghaziabad,Uttar Pradesh
Ludhiana,Punjab
Mumbai,Maharashtra
Delhi,Delhi
Bangalore,Karnataka
Hyderabad,Telangana
Ahmedabad,Gujarat
Chennai,Tamil Nadu
Kolkata,West Bengal
Pune,Maharashtra
Jaipur,Rajasthan
Lucknow,Uttar Pradesh
Kanpur,Uttar Pradesh
Nagpur,Maharashtra
Indore,Madhya Pradesh
Thane,Maharashtra
Bhopal,Madhya Pradesh
Visakhapatnam,Andhra Pradesh
Patna,Bihar
Vadodara,Gujarat
Ghaziabad,Uttar Pradesh
Ludhiana,Punjab
Mumbai,Maharashtra
Delhi,Delhi
Bangalore,Karnataka
Hyderabad,Telangana
Ahmedabad,Gujarat
Chennai,Tamil Nadu
Kolkata,West Bengal
Pune,Maharashtra
Jaipur,Rajasthan
Lucknow,Uttar Pradesh
Kanpur,Uttar Pradesh
Nagpur,Maharashtra
Indore,Madhya Pradesh
Thane,Maharashtra
Bhopal,Madhya Pradesh
Visakhapatnam,Andhra Pradesh
Patna,Bihar
Vadodara,Gujarat
Ghaziabad,Uttar Pradesh
Ludhiana,Punjab
Mumbai,Maharashtra
Delhi,Delhi
Bangalore,Karnataka
Hyderabad,Telangana
Ahmedabad,Gujarat
Chennai,Tamil Nadu
Kolkata,West Bengal
Pune,Maharashtra
Jaipur,Rajasthan
Lucknow,Uttar Pradesh
Kanpur,Uttar Pradesh
Nagpur,Maharashtra
Indore,Madhya Pradesh
Thane,Maharashtra
Bhopal,Madhya Pradesh
Visakhapatnam,Andhra Pradesh
Patna,Bihar
Vadodara,Gujarat
Ghaziabad,Uttar Pradesh
Ludhiana,Punjab
Mumbai,Maharashtra
Delhi,Delhi
Bangalore,Karnataka
Hyderabad,Telangana
Ahmedabad,Gujarat
Chennai,Tamil Nadu
Kolkata,West Bengal
Pune,Maharashtra
Jaipur,Rajasthan
Lucknow,Uttar Pradesh
Kanpur,Uttar Pradesh
Nagpur,Maharashtra
Indore,Madhya Pradesh
Thane,Maharashtra
Bhopal,Madhya Pradesh
Visakhapatnam,Andhra Pradesh
Patna,Bihar
Vadodara,Gujarat
Ghaziabad,Uttar Pradesh
Ludhiana,Punjab
Mumbai,Maharashtra
Delhi,Delhi
Bangalore,Karnataka
Hyderabad,Telangana
Ahmedabad,Gujarat
Chennai,Tamil Nadu
Kolkata,West Bengal
Pune,Maharashtra
Jaipur,Rajasthan
Lucknow,Uttar Pradesh
Kanpur,Uttar Pradesh
Nagpur,Maharashtra
Indore,Madhya Pradesh
Thane,Maharashtra
Bhopal,Madhya Pradesh
Visakhapatnam,Andhra Pradesh
Patna,Bihar
Vadodara,Gujarat
Ghaziabad,Uttar Pradesh
Ludhiana,Punjab
Mumbai,Maharashtra
Delhi,Delhi
Bangalore,Karnataka
Hyderabad,Telangana
Ahmedabad,Gujarat
Chennai,Tamil Nadu
Kolkata,West Bengal
Pune,Maharashtra
Jaipur,Rajasthan
Lucknow,Uttar Pradesh
Kanpur,Uttar Pradesh
Nagpur,Maharashtra
Indore,Madhya Pradesh
Thane,Maharashtra
Bhopal,Madhya Pradesh
Visakhapatnam,Andhra Pradesh
Patna,Bihar
Vadodara,Gujarat
Ghaziabad,Uttar Pradesh
Ludhiana,Punjab
Mumbai,Maharashtra
Delhi,Delhi
Bangalore,Karnataka
Hyderabad,Telangana
Ahmedabad,Gujarat
Chennai,Tamil Nadu
Kolkata,West Bengal
Pune,Maharashtra
Jaipur,Rajasthan
Lucknow,Uttar Pradesh
Kanpur,Uttar Pradesh
Nagpur,Maharashtra
Indore,Madhya Pradesh
Thane,Maharashtra
Bhopal,Madhya Pradesh
Visakhapatnam,Andhra Pradesh
Patna,Bihar
Vadodara,Gujarat
Ghaziabad,Uttar Pradesh
Ludhiana,Punjab
Mumbai,Maharashtra
Delhi,Delhi
Bangalore,Karnataka
Hyderabad,Telangana
Ahmedabad,Gujarat
Chennai,Tamil Nadu
Kolkata,West Bengal
Pune,Maharashtra
Jaipur,Rajasthan
Lucknow,Uttar Pradesh
Kanpur,Uttar Pradesh
Nagpur,Maharashtra
Indore,Madhya Pradesh
Thane,Maharashtra
Bhopal,Madhya Pradesh
Visakhapatnam,Andhra Pradesh
Patna,Bihar
Vadodara,Gujarat
Ghaziabad,Uttar Pradesh
Ludhiana,Punjab
Mumbai,Maharashtra
Delhi,Delhi
Bangalore,Karnataka
Hyderabad,Telangana
Ahmedabad,Gujarat
Chennai,Tamil Nadu
Kolkata,West Bengal
Pune,Maharashtra
Jaipur,Rajasthan
Lucknow,Uttar Pradesh
Kanpur,Uttar Pradesh
Nagpur,Maharashtra
Indore,Madhya Pradesh
Thane,Maharashtra
Bhopal,Madhya Pradesh
Visakhapatnam,Andhra Pradesh
Patna,Bihar
Vadodara,Gujarat
Ghaziabad,Uttar Pradesh
Ludhiana,Punjab
Mumbai,Maharashtra
Delhi,Delhi
Bangalore,Karnataka
Hyderabad,Telangana
Ahmedabad,Gujarat
Chennai,Tamil Nadu
Kolkata,West Bengal
Pune,Maharashtra
Jaipur,Rajasthan
Lucknow,Uttar Pradesh
Kanpur,Uttar Pradesh
Nagpur,Maharashtra
Indore,Madhya Pradesh
Thane,Maharashtra
Bhopal,Madhya Pradesh
Visakhapatnam,Andhra Pradesh
Patna,Bihar
Vadodara,Gujarat
Ghaziabad,Uttar Pradesh
Ludhiana,Punjab
Mumbai,Maharashtra
Delhi,Delhi
Bangalore,Karnataka
Hyderabad,Telangana
Ahmedabad,Gujarat
Chennai,Tamil Nadu
Kolkata,West Bengal
Pune,Maharashtra
Jaipur,Rajasthan
Lucknow,Uttar Pradesh
Kanpur,Uttar Pradesh
Nagpur,Maharashtra
Indore,Madhya Pradesh
Thane,Maharashtra
Bhopal,Madhya Pradesh
Visakhapatnam,Andhra Pradesh
Patna,Bihar
Vadodara,Gujarat
Ghaziabad,Uttar Pradesh
Ludhiana,Punjab
Mumbai,Maharashtra
Delhi,Delhi
Bangalore,Karnataka
Hyderabad,Telangana
Ahmedabad,Gujarat
Chennai,Tamil Nadu
Kolkata,West Bengal
Pune,Maharashtra
Jaipur,Rajasthan
Lucknow,Uttar Pradesh
Kanpur,Uttar Pradesh
Nagpur,Maharashtra
Indore,Madhya Pradesh
Thane,Maharashtra
Bhopal,Madhya Pradesh
Visakhapatnam,Andhra Pradesh
Patna,Bihar
Vadodara,Gujarat
Ghaziabad,Uttar Pradesh
Ludhiana,Punjab
Mumbai,Maharashtra
Delhi,Delhi
Bangalore,Karnataka
Hyderabad,Telangana
Ahmedabad,Gujarat
Chennai,Tamil Nadu
Kolkata,West Bengal
Pune,Maharashtra
Jaipur,Rajasthan
Lucknow,Uttar Pradesh
Kanpur,Uttar Pradesh
Nagpur,Maharashtra
Indore,Madhya Pradesh
Thane,Maharashtra
Bhopal,Madhya Pradesh
Visakhapatnam,Andhra Pradesh
Patna,Bihar
Vadodara,Gujarat
Ghaziabad,Uttar Pradesh
Ludhiana,Punjab
Mumbai,Maharashtra
Delhi,Delhi
Bangalore,Karnataka
Hyderabad,Telangana
Ahmedabad,Gujarat
Chennai,Tamil Nadu
Kolkata,West Bengal
Pune,Maharashtra
Jaipur,Rajasthan
Lucknow,Uttar Pradesh
Kanpur,Uttar Pradesh
Nagpur,Maharashtra
Indore,Madhya Pradesh
Thane,Maharashtra
Bhopal,Madhya Pradesh
Visakhapatnam,Andhra Pradesh
Patna,Bihar
Vadodara,Gujarat
Ghaziabad,Uttar Pradesh
Ludhiana,Punjab
Mumbai,Maharashtra
Delhi,Delhi
Bangalore,Karnataka
Hyderabad,Telangana
Ahmedabad,Gujarat
Chennai,Tamil Nadu
Kolkata,West Bengal
Pune,Maharashtra
Jaipur,Rajasthan
Lucknow,Uttar Pradesh
Kanpur,Uttar Pradesh
Nagpur,Maharashtra
Indore,Madhya Pradesh
Thane,Maharashtra
Bhopal,Madhya Pradesh
Visakhapatnam,Andhra Pradesh
Patna,Bihar
Vadodara,Gujarat
Ghaziabad,Uttar Pradesh
Ludhiana,Punjab
Mumbai,Maharashtra
Delhi,Delhi
Bangalore,Karnataka
Hyderabad,Telangana
Ahmedabad,Gujarat
Chennai,Tamil Nadu
Kolkata,West Bengal
Pune,Maharashtra
Jaipur,Rajasthan
Lucknow,Uttar Pradesh
Kanpur,Uttar Pradesh
Nagpur,Maharashtra
Indore,Madhya Pradesh
Thane,Maharashtra
Bhopal,Madhya Pradesh
Visakhapatnam,Andhra Pradesh
Patna,Bihar
Vadodara,Gujarat
Ghaziabad,Uttar Pradesh
Ludhiana,Punjab
Mumbai,Maharashtra
Delhi,Delhi
Bangalore,Karnataka
Hyderabad,Telangana
Ahmedabad,Gujarat
Chennai,Tamil Nadu
Kolkata,West Bengal
Pune,Maharashtra
Jaipur,Rajasthan
Lucknow,Uttar Pradesh
Kanpur,Uttar Pradesh
Nagpur,Maharashtra
Indore,Madhya Pradesh
Thane,Maharashtra
Bhopal,Madhya Pradesh
Visakhapatnam,Andhra Pradesh
Patna,Bihar
Vadodara,Gujarat
Ghaziabad,Uttar Pradesh
Ludhiana,Punjab
Mumbai,Maharashtra
Delhi,Delhi
Bangalore,Karnataka
Hyderabad,Telangana
Ahmedabad,Gujarat
Chennai,Tamil Nadu
Kolkata,West Bengal
Pune,Maharashtra
Jaipur,Rajasthan
Lucknow,Uttar Pradesh
Kanpur,Uttar Pradesh
Nagpur,Maharashtra
Indore,Madhya Pradesh
Thane,Maharashtra
Bhopal,Madhya Pradesh
Visakhapatnam,Andhra Pradesh
Patna,Bihar
Vadodara,Gujarat
Ghaziabad,Uttar Pradesh
Ludhiana,Punjab
Mumbai,Maharashtra
Delhi,Delhi
Bangalore,Karnataka
Hyderabad,Telangana
Ahmedabad,Gujarat
Chennai,Tamil Nadu
Kolkata,West Bengal
Pune,Maharashtra
Jaipur,Rajasthan
Lucknow,Uttar Pradesh
Kanpur,Uttar Pradesh
Nagpur,Maharashtra
Indore,Madhya Pradesh
Thane,Maharashtra
Bhopal,Madhya Pradesh
Visakhapatnam,Andhra Pradesh
Patna,Bihar
Vadodara,Gujarat
Ghaziabad,Uttar Pradesh
Ludhiana,Punjab
Mumbai,Maharashtra
Delhi,Delhi
Bangalore,Karnataka
Hyderabad,Telangana
Ahmedabad,Gujarat
Chennai,Tamil Nadu
Kolkata,West Bengal
Pune,Maharashtra
Jaipur,Rajasthan
Lucknow,Uttar Pradesh
Kanpur,Uttar Pradesh
Nagpur,Maharashtra
Indore,Madhya Pradesh
Thane,Maharashtra
Bhopal,Madhya Pradesh
Visakhapatnam,Andhra Pradesh
Patna,Bihar
Vadodara,Gujarat
Ghaziabad,Uttar Pradesh
Ludhiana,Punjab
Mumbai,Maharashtra
Delhi,Delhi
Bangalore,Karnataka
Hyderabad,Telangana
Ahmedabad,Gujarat
Chennai,Tamil Nadu
Kolkata,West Bengal
Pune,Maharashtra
Jaipur,Rajasthan
Lucknow,Uttar Pradesh
Kanpur,Uttar Pradesh
Nagpur,Maharashtra
Indore,Madhya Pradesh
Thane,Maharashtra
Bhopal,Madhya Pradesh
Visakhapatnam,Andhra Pradesh
Patna,Bihar
Vadodara,Gujarat
Ghaziabad,Uttar Pradesh
Ludhiana,Punjab
Mumbai,Maharashtra
Delhi,Delhi
Bangalore,Karnataka
Hyderabad,Telangana
Ahmedabad,Gujarat
Chennai,Tamil Nadu
Kolkata,West Bengal
Pune,Maharashtra
Jaipur,Rajasthan
Lucknow,Uttar Pradesh
Kanpur,Uttar Pradesh
Nagpur,Maharashtra
Indore,Madhya Pradesh
Thane,Maharashtra
Bhopal,Madhya Pradesh
Visakhapatnam,Andhra Pradesh
Patna,Bihar
Vadodara,Gujarat
Ghaziabad,Uttar Pradesh
Ludhiana,Punjab
Mumbai,Maharashtra
Delhi,Delhi
Bangalore,Karnataka
Hyderabad,Telangana
Ahmedabad,Gujarat
Chennai,Tamil Nadu
Kolkata,West Bengal
Pune,Maharashtra
Jaipur,Rajasthan
Lucknow,Uttar Pradesh
Kanpur,Uttar Pradesh
Nagpur,Maharashtra
Indore,Madhya Pradesh
Thane,Maharashtra
Bhopal,Madhya Pradesh
Visakhapatnam,Andhra Pradesh
Patna,Bihar
Vadodara,Gujarat
Ghaziabad,Uttar Pradesh
Ludhiana,Punjab
Mumbai,Maharashtra
Delhi,Delhi
Bangalore,Karnataka
Hyderabad,Telangana
Ahmedabad,Gujarat
Chennai,Tamil Nadu
Kolkata,West Bengal
Pune,Maharashtra
Jaipur,Rajasthan
Lucknow,Uttar Pradesh
Kanpur,Uttar Pradesh
Nagpur,Maharashtra
Indore,Madhya Pradesh
Thane,Maharashtra
Bhopal,Madhya Pradesh
Visakhapatnam,Andhra Pradesh
Patna,Bihar
Vadodara,Gujarat
Ghaziabad,Uttar Pradesh
Ludhiana,Punjab
Mumbai,Maharashtra
Delhi,Delhi
Bangalore,Karnataka
Hyderabad,Telangana
Ahmedabad,Gujarat
Chennai,Tamil Nadu
Kolkata,West Bengal
Pune,Maharashtra
Jaipur,Rajasthan
Lucknow,Uttar Pradesh
Kanpur,Uttar Pradesh
Nagpur,Maharashtra
Indore,Madhya Pradesh
Thane,Maharashtra
Bhopal,Madhya Pradesh
Visakhapatnam,Andhra Pradesh
Patna,Bihar
Vadodara,Gujarat
Ghaziabad,Uttar Pradesh
Ludhiana,Punjab
Mumbai,Maharashtra
Delhi,Delhi
Bangalore,Karnataka
Hyderabad,Telangana
Ahmedabad,Gujarat
Chennai,Tamil Nadu
Kolkata,West Bengal
Pune,Maharashtra
Jaipur,Rajasthan
Lucknow,Uttar Pradesh
Kanpur,Uttar Pradesh
Nagpur,Maharashtra
Indore,Madhya Pradesh
Thane,Maharashtra
Bhopal,Madhya Pradesh
Visakhapatnam,Andhra Pradesh
Patna,Bihar
Vadodara,Gujarat
Ghaziabad,Uttar Pradesh
Ludhiana,Punjab
Mumbai,Maharashtra
Delhi,Delhi
Bangalore,Karnataka
Hyderabad,Telangana
Ahmedabad,Gujarat
Chennai,Tamil Nadu
Kolkata,West Bengal
Pune,Maharashtra
Jaipur,Rajasthan
Lucknow,Uttar Pradesh
Kanpur,Uttar Pradesh
Nagpur,Maharashtra
Indore,Madhya Pradesh
Thane,Maharashtra
Bhopal,Madhya Pradesh
Visakhapatnam,Andhra Pradesh
Patna,Bihar
Vadodara,Gujarat
Ghaziabad,Uttar Pradesh
Ludhiana,Punjab
Mumbai,Maharashtra
Delhi,Delhi
Bangalore,Karnataka
Hyderabad,Telangana
Ahmedabad,Gujarat
Chennai,Tamil Nadu
Kolkata,West Bengal
Pune,Maharashtra
Jaipur,Rajasthan
Lucknow,Uttar Pradesh
Kanpur,Uttar Pradesh
Nagpur,Maharashtra
Indore,Madhya Pradesh
Thane,Maharashtra
Bhopal,Madhya Pradesh
Visakhapatnam,Andhra Pradesh
Patna,Bihar
Vadodara,Gujarat
Ghaziabad,Uttar Pradesh
Ludhiana,Punjab
Mumbai,Maharashtra
Delhi,Delhi
Bangalore,Karnataka
Hyderabad,Telangana
Ahmedabad,Gujarat
Chennai,Tamil Nadu
Kolkata,West Bengal
Pune,Maharashtra
Jaipur,Rajasthan
Lucknow,Uttar Pradesh
Kanpur,Uttar Pradesh
Nagpur,Maharashtra
Indore,Madhya Pradesh
Thane,Maharashtra
Bhopal,Madhya Pradesh
Visakhapatnam,Andhra Pradesh
Patna,Bihar
Vadodara,Gujarat
Ghaziabad,Uttar Pradesh
Ludhiana,Punjab
Mumbai,Maharashtra
Delhi,Delhi
Bangalore,Karnataka
Hyderabad,Telangana
Ahmedabad,Gujarat
Chennai,Tamil Nadu
Kolkata,West Bengal
Pune,Maharashtra
Jaipur,Rajasthan
Lucknow,Uttar Pradesh
Kanpur,Uttar Pradesh
Nagpur,Maharashtra
Indore,Madhya Pradesh
Thane,Maharashtra
Bhopal,Madhya Pradesh
Visakhapatnam,Andhra Pradesh
Patna,Bihar
Vadodara,Gujarat
Ghaziabad,Uttar Pradesh
Ludhiana,Punjab
Mumbai,Maharashtra
Delhi,Delhi
Bangalore,Karnataka
Hyderabad,Telangana
Ahmedabad,Gujarat
Chennai,Tamil Nadu
Kolkata,West Bengal
Pune,Maharashtra
Jaipur,Rajasthan
Lucknow,Uttar Pradesh
Kanpur,Uttar Pradesh
Nagpur,Maharashtra
Indore,Madhya Pradesh
Thane,Maharashtra
Bhopal,Madhya Pradesh
Visakhapatnam,Andhra Pradesh
Patna,Bihar
Vadodara,Gujarat
Ghaziabad,Uttar Pradesh
Ludhiana,Punjab
Mumbai,Maharashtra
Delhi,Delhi
Bangalore,Karnataka
Hyderabad,Telangana
Ahmedabad,Gujarat
Chennai,Tamil Nadu
Kolkata,West Bengal
Pune,Maharashtra
Jaipur,Rajasthan
Lucknow,Uttar Pradesh
Kanpur,Uttar Pradesh
Nagpur,Maharashtra
Indore,Madhya Pradesh
Thane,Maharashtra
Bhopal,Madhya Pradesh
Visakhapatnam,Andhra Pradesh
Patna,Bihar
Vadodara,Gujarat
Ghaziabad,Uttar Pradesh
Ludhiana,Punjab
Mumbai,Maharashtra
Delhi,Delhi
Bangalore,Karnataka
Hyderabad,Telangana
Ahmedabad,Gujarat
Chennai,Tamil Nadu
Kolkata,West Bengal
Pune,Maharashtra
Jaipur,Rajasthan
Lucknow,Uttar Pradesh
Kanpur,Uttar Pradesh
Nagpur,Maharashtra
Indore,Madhya Pradesh
Thane,Maharashtra
Bhopal,Madhya Pradesh
Visakhapatnam,Andhra Pradesh
Patna,Bihar
Vadodara,Gujarat
Ghaziabad,Uttar Pradesh
Ludhiana,Punjab
Mumbai,Maharashtra
Delhi,Delhi
Bangalore,Karnataka
Hyderabad,Telangana
Ahmedabad,Gujarat
Chennai,Tamil Nadu
Kolkata,West Bengal
Pune,Maharashtra
Jaipur,Rajasthan
Lucknow,Uttar Pradesh
Kanpur,Uttar Pradesh
Nagpur,Maharashtra
Indore,Madhya Pradesh
Thane,Maharashtra
Bhopal,Madhya Pradesh
Visakhapatnam,Andhra Pradesh
Patna,Bihar
Vadodara,Gujarat
Ghaziabad,Uttar Pradesh
Ludhiana,Punjab
Mumbai,Maharashtra
Delhi,Delhi
Bangalore,Karnataka
Hyderabad,Telangana
Ahmedabad,Gujarat
Chennai,Tamil Nadu
Kolkata,West Bengal
Pune,Maharashtra
Jaipur,Rajasthan
Lucknow,Uttar Pradesh
Kanpur,Uttar Pradesh
Nagpur,Maharashtra
Indore,Madhya Pradesh
Thane,Maharashtra
Bhopal,Madhya Pradesh
Visakhapatnam,Andhra Pradesh
Patna,Bihar
Vadodara,Gujarat
Ghaziabad,Uttar Pradesh
Ludhiana,Punjab
Mumbai,Maharashtra
Delhi,Delhi
Bangalore,Karnataka
Hyderabad,Telangana
Ahmedabad,Gujarat
Chennai,Tamil Nadu
Kolkata,West Bengal
Pune,Maharashtra
Jaipur,Rajasthan
Lucknow,Uttar Pradesh
Kanpur,Uttar Pradesh
Nagpur,Maharashtra
Indore,Madhya Pradesh
Thane,Maharashtra
Bhopal,Madhya Pradesh
Visakhapatnam,Andhra Pradesh
Patna,Bihar
Vadodara,Gujarat
Ghaziabad,Uttar Pradesh
Ludhiana,Punjab
Mumbai,Maharashtra
Delhi,Delhi
Bangalore,Karnataka
Hyderabad,Telangana
Ahmedabad,Gujarat
Chennai,Tamil Nadu
Kolkata,West Bengal
Pune,Maharashtra
Jaipur,Rajasthan
Lucknow,Uttar Pradesh
Kanpur,Uttar Pradesh
Nagpur,Maharashtra
Indore,Madhya Pradesh
Thane,Maharashtra
Bhopal,Madhya Pradesh
Visakhapatnam,Andhra Pradesh
Patna,Bihar
Vadodara,Gujarat
Ghaziabad,Uttar Pradesh
Ludhiana,Punjab
Mumbai,Maharashtra
Delhi,Delhi
Bangalore,Karnataka
Hyderabad,Telangana
Ahmedabad,Gujarat
Chennai,Tamil Nadu
Kolkata,West Bengal
Pune,Maharashtra
Jaipur,Rajasthan
Lucknow,Uttar Pradesh
Kanpur,Uttar Pradesh
Nagpur,Maharashtra
Indore,Madhya Pradesh
Thane,Maharashtra
Bhopal,Madhya Pradesh
Visakhapatnam,Andhra Pradesh
Patna,Bihar
Vadodara,Gujarat
Ghaziabad,Uttar Pradesh
Ludhiana,Punjab
Mumbai,Maharashtra
Delhi,Delhi
Bangalore,Karnataka
Hyderabad,Telangana
Ahmedabad,Gujarat
Chennai,Tamil Nadu
Kolkata,West Bengal
Pune,Maharashtra
Jaipur,Rajasthan
Lucknow,Uttar Pradesh
Kanpur,Uttar Pradesh
Nagpur,Maharashtra
Indore,Madhya Pradesh
Thane,Maharashtra
Bhopal,Madhya Pradesh
Visakhapatnam,Andhra Pradesh
Patna,Bihar
Vadodara,Gujarat
Ghaziabad,Uttar Pradesh
Ludhiana,Punjab
Mumbai,Maharashtra
Delhi,Delhi
Bangalore,Karnataka
Hyderabad,Telangana
Ahmedabad,Gujarat
Chennai,Tamil Nadu
Kolkata,West Bengal
Pune,Maharashtra
Jaipur,Rajasthan
Lucknow,Uttar Pradesh
Kanpur,Uttar Pradesh
Nagpur,Maharashtra
Indore,Madhya Pradesh
Thane,Maharashtra
Bhopal,Madhya Pradesh
Visakhapatnam,Andhra Pradesh
Patna,Bihar
Vadodara,Gujarat
Ghaziabad,Uttar Pradesh
Ludhiana,Punjab
Mumbai,Maharashtra
Delhi,Delhi
Bangalore,Karnataka
Hyderabad,Telangana
Ahmedabad,Gujarat
Chennai,Tamil Nadu
Kolkata,West Bengal
Pune,Maharashtra
Jaipur,Rajasthan
Lucknow,Uttar Pradesh
Kanpur,Uttar Pradesh
Nagpur,Maharashtra
Indore,Madhya Pradesh
Thane,Maharashtra
Bhopal,Madhya Pradesh
Visakhapatnam,Andhra Pradesh
Patna,Bihar
Vadodara,Gujarat
Ghaziabad,Uttar Pradesh
Ludhiana,Punjab
Mumbai,Maharashtra
Delhi,Delhi
Bangalore,Karnataka
Hyderabad,Telangana
Ahmedabad,Gujarat
Chennai,Tamil Nadu
Kolkata,West Bengal
Pune,Maharashtra
Jaipur,Rajasthan
Lucknow,Uttar Pradesh
Kanpur,Uttar Pradesh
Nagpur,Maharashtra
Indore,Madhya Pradesh
Thane,Maharashtra
Bhopal,Madhya Pradesh
Visakhapatnam,Andhra Pradesh
Patna,Bihar
Vadodara,Gujarat
Ghaziabad,Uttar Pradesh
Ludhiana,Punjab
Mumbai,Maharashtra
Delhi,Delhi
Bangalore,Karnataka
Hyderabad,Telangana
Ahmedabad,Gujarat
Chennai,Tamil Nadu
Kolkata,West Bengal
Pune,Maharashtra
Jaipur,Rajasthan
Lucknow,Uttar Pradesh
Kanpur,Uttar Pradesh
Nagpur,Maharashtra
Indore,Madhya Pradesh
Thane,Maharashtra
Bhopal,Madhya Pradesh
Visakhapatnam,Andhra Pradesh
Patna,Bihar
Vadodara,Gujarat
Ghaziabad,Uttar Pradesh
Ludhiana,Punjab
Mumbai,Maharashtra
Delhi,Delhi
Bangalore,Karnataka
Hyderabad,Telangana
Ahmedabad,Gujarat
Chennai,Tamil Nadu
Kolkata,West Bengal
Pune,Maharashtra
Jaipur,Rajasthan
Lucknow,Uttar Pradesh
Kanpur,Uttar Pradesh
Nagpur,Maharashtra
Indore,Madhya Pradesh
Thane,Maharashtra
Bhopal,Madhya Pradesh
Visakhapatnam,Andhra Pradesh
Patna,Bihar
Vadodara,Gujarat
Ghaziabad,Uttar Pradesh
Ludhiana,Punjab
Mumbai,Maharashtra
Delhi,Delhi
Bangalore,Karnataka
Hyderabad,Telangana
Ahmedabad,Gujarat
Chennai,Tamil Nadu
Kolkata,West Bengal
Pune,Maharashtra
Jaipur,Rajasthan
Lucknow,Uttar Pradesh
Kanpur,Uttar Pradesh
Nagpur,Maharashtra
Indore,Madhya Pradesh
Thane,Maharashtra
Bhopal,Madhya Pradesh
Visakhapatnam,Andhra Pradesh
Patna,Bihar
Vadodara,Gujarat
Ghaziabad,Uttar Pradesh
Ludhiana,Punjab
Mumbai,Maharashtra
Delhi,Delhi
Bangalore,Karnataka
Hyderabad,Telangana
Ahmedabad,Gujarat
Chennai,Tamil Nadu
Kolkata,West Bengal
Pune,Maharashtra
Jaipur,Rajasthan
Lucknow,Uttar Pradesh
Kanpur,Uttar Pradesh
Nagpur,Maharashtra
Indore,Madhya Pradesh
Thane,Maharashtra
Bhopal,Madhya Pradesh
Visakhapatnam,Andhra Pradesh
Patna,Bihar
Vadodara,Gujarat
Ghaziabad,Uttar Pradesh
Ludhiana,Punjab
Mumbai,Maharashtra
Delhi,Delhi
Bangalore,Karnataka
Hyderabad,Telangana
Ahmedabad,Gujarat
Chennai,Tamil Nadu
Kolkata,West Bengal
Pune,Maharashtra
Jaipur,Rajasthan
Lucknow,Uttar Pradesh
Kanpur,Uttar Pradesh
Nagpur,Maharashtra
Indore,Madhya Pradesh
Thane,Maharashtra
Bhopal,Madhya Pradesh
Visakhapatnam,Andhra Pradesh
Patna,Bihar
Vadodara,Gujarat
Ghaziabad,Uttar Pradesh
Ludhiana,Punjab
Mumbai,Maharashtra
Delhi,Delhi
Bangalore,Karnataka
Hyderabad,Telangana
Ahmedabad,Gujarat
Chennai,Tamil Nadu
Kolkata,West Bengal
Pune,Maharashtra
Jaipur,Rajasthan
Lucknow,Uttar Pradesh
Kanpur,Uttar Pradesh
Nagpur,Maharashtra
Indore,Madhya Pradesh
Thane,Maharashtra
Bhopal,Madhya Pradesh
Visakhapatnam,Andhra Pradesh
Patna,Bihar
Vadodara,Gujarat
Ghaziabad,Uttar Pradesh
Ludhiana,Punjab
Mumbai,Maharashtra
Delhi,Delhi
Bangalore,Karnataka
Hyderabad,Telangana
Ahmedabad,Gujarat
Chennai,Tamil Nadu
Kolkata,West Bengal
Pune,Maharashtra
Jaipur,Rajasthan
Lucknow,Uttar Pradesh
Kanpur,Uttar Pradesh
Nagpur,Maharashtra
Indore,Madhya Pradesh
Thane,Maharashtra
Bhopal,Madhya Pradesh
Visakhapatnam,Andhra Pradesh
Patna,Bihar
Vadodara,Gujarat
Ghaziabad,Uttar Pradesh
Ludhiana,Punjab
Mumbai,Maharashtra
Delhi,Delhi
Bangalore,Karnataka
Hyderabad,Telangana
Ahmedabad,Gujarat
Chennai,Tamil Nadu
Kolkata,West Bengal
Pune,Maharashtra
Jaipur,Rajasthan
Lucknow,Uttar Pradesh
Kanpur,Uttar Pradesh
Nagpur,Maharashtra
Indore,Madhya Pradesh
Thane,Maharashtra
Bhopal,Madhya Pradesh
Visakhapatnam,Andhra Pradesh
Patna,Bihar
Vadodara,Gujarat
Ghaziabad,Uttar Pradesh
Ludhiana,Punjab
Mumbai,Maharashtra
Delhi,Delhi
Bangalore,Karnataka
Hyderabad,Telangana
Ahmedabad,Gujarat
Chennai,Tamil Nadu
Kolkata,West Bengal
Pune,Maharashtra
Jaipur,Rajasthan
Lucknow,Uttar Pradesh
Kanpur,Uttar Pradesh
Nagpur,Maharashtra
Indore,Madhya Pradesh
Thane,Maharashtra
Bhopal,Madhya Pradesh
Visakhapatnam,Andhra Pradesh
Patna,Bihar
Vadodara,Gujarat
Ghaziabad,Uttar Pradesh
Ludhiana,Punjab
Mumbai,Maharashtra
Delhi,Delhi
Bangalore,Karnataka
Hyderabad,Telangana
Ahmedabad,Gujarat
Chennai,Tamil Nadu
Kolkata,West Bengal
Pune,Maharashtra
Jaipur,Rajasthan
Lucknow,Uttar Pradesh
Kanpur,Uttar Pradesh
Nagpur,Maharashtra
Indore,Madhya Pradesh
Thane,Maharashtra
Bhopal,Madhya Pradesh
Visakhapatnam,Andhra Pradesh
Patna,Bihar
Vadodara,Gujarat
Ghaziabad,Uttar Pradesh
Ludhiana,Punjab
Mumbai,Maharashtra
Delhi,Delhi
Bangalore,Karnataka
Hyderabad,Telangana
Ahmedabad,Gujarat
Chennai,Tamil Nadu
Kolkata,West Bengal
Pune,Maharashtra
Jaipur,Rajasthan
Lucknow,Uttar Pradesh
Kanpur,Uttar Pradesh
Nagpur,Maharashtra
Indore,Madhya Pradesh
Thane,Maharashtra
Bhopal,Madhya Pradesh
Visakhapatnam,Andhra Pradesh
Patna,Bihar
Vadodara,Gujarat
Ghaziabad,Uttar Pradesh
Ludhiana,Punjab
Mumbai,Maharashtra
Delhi,Delhi
Bangalore,Karnataka
Hyderabad,Telangana
Ahmedabad,Gujarat
Chennai,Tamil Nadu
Kolkata,West Bengal
Pune,Maharashtra
Jaipur,Rajasthan
Lucknow,Uttar Pradesh
Kanpur,Uttar Pradesh
Nagpur,Maharashtra
Indore,Madhya Pradesh
Thane,Maharashtra
Bhopal,Madhya Pradesh
Visakhapatnam,Andhra Pradesh
Patna,Bihar
Vadodara,Gujarat
Ghaziabad,Uttar Pradesh
Ludhiana,Punjab
Mumbai,Maharashtra
Delhi,Delhi
Bangalore,Karnataka
Hyderabad,Telangana
Ahmedabad,Gujarat
Chennai,Tamil Nadu
Kolkata,West Bengal
Pune,Maharashtra
Jaipur,Rajasthan
Lucknow,Uttar Pradesh
Kanpur,Uttar Pradesh
Nagpur,Maharashtra
Indore,Madhya Pradesh
Thane,Maharashtra
Bhopal,Madhya Pradesh
Visakhapatnam,Andhra Pradesh
Patna,Bihar
Vadodara,Gujarat
Ghaziabad,Uttar Pradesh
Ludhiana,Punjab
Mumbai,Maharashtra
Delhi,Delhi
Bangalore,Karnataka
Hyderabad,Telangana
Ahmedabad,Gujarat
Chennai,Tamil Nadu
Kolkata,West Bengal
Pune,Maharashtra
Jaipur,Rajasthan
Lucknow,Uttar Pradesh
Kanpur,Uttar Pradesh
Nagpur,Maharashtra
Indore,Madhya Pradesh
Thane,Maharashtra
Bhopal,Madhya Pradesh
Visakhapatnam,Andhra Pradesh
Patna,Bihar
Vadodara,Gujarat
Ghaziabad,Uttar Pradesh
Ludhiana,Punjab
Mumbai,Maharashtra
Delhi,Delhi
Bangalore,Karnataka
Hyderabad,Telangana
Ahmedabad,Gujarat
Chennai,Tamil Nadu
Kolkata,West Bengal
Pune,Maharashtra
Jaipur,Rajasthan
Lucknow,Uttar Pradesh
Kanpur,Uttar Pradesh
Nagpur,Maharashtra
Indore,Madhya Pradesh
Thane,Maharashtra
Bhopal,Madhya Pradesh
Visakhapatnam,Andhra Pradesh
Patna,Bihar
Vadodara,Gujarat
Ghaziabad,Uttar Pradesh
Ludhiana,Punjab
Mumbai,Maharashtra
Delhi,Delhi
Bangalore,Karnataka
Hyderabad,Telangana
Ahmedabad,Gujarat
Chennai,Tamil Nadu
Kolkata,West Bengal
Pune,Maharashtra
Jaipur,Rajasthan
Lucknow,Uttar Pradesh
Kanpur,Uttar Pradesh
Nagpur,Maharashtra
Indore,Madhya Pradesh
Thane,Maharashtra
Bhopal,Madhya Pradesh
Visakhapatnam,Andhra Pradesh
Patna,Bihar
Vadodara,Gujarat
Ghaziabad,Uttar Pradesh
Ludhiana,Punjab
Mumbai,Maharashtra
Delhi,Delhi
Bangalore,Karnataka
Hyderabad,Telangana
Ahmedabad,Gujarat
Chennai,Tamil Nadu
Kolkata,West Bengal
Pune,Maharashtra
Jaipur,Rajasthan
Lucknow,Uttar Pradesh
Kanpur,Uttar Pradesh
Nagpur,Maharashtra
Indore,Madhya Pradesh
Thane,Maharashtra
Bhopal,Madhya Pradesh
Visakhapatnam,Andhra Pradesh
Patna,Bihar
Vadodara,Gujarat
Ghaziabad,Uttar Pradesh
Ludhiana,Punjab
Mumbai,Maharashtra
Delhi,Delhi
Bangalore,Karnataka
Hyderabad,Telangana
Ahmedabad,Gujarat
Chennai,Tamil Nadu
Kolkata,West Bengal
Pune,Maharashtra
Jaipur,Rajasthan
Lucknow,Uttar Pradesh
Kanpur,Uttar Pradesh
Nagpur,Maharashtra
Indore,Madhya Pradesh
Thane,Maharashtra
Bhopal,Madhya Pradesh
Visakhapatnam,Andhra Pradesh
Patna,Bihar
Vadodara,Gujarat
Ghaziabad,Uttar Pradesh
Ludhiana,Punjab
Mumbai,Maharashtra
Delhi,Delhi
Bangalore,Karnataka
Hyderabad,Telangana
Ahmedabad,Gujarat
Chennai,Tamil Nadu
Kolkata,West Bengal
Pune,Maharashtra
Jaipur,Rajasthan
Lucknow,Uttar Pradesh
Kanpur,Uttar Pradesh
Nagpur,Maharashtra
Indore,Madhya Pradesh
Thane,Maharashtra
Bhopal,Madhya Pradesh
Visakhapatnam,Andhra Pradesh
Patna,Bihar
Vadodara,Gujarat
Ghaziabad,Uttar Pradesh
Ludhiana,Punjab
Mumbai,Maharashtra
Delhi,Delhi
Bangalore,Karnataka
Hyderabad,Telangana
Ahmedabad,Gujarat
Chennai,Tamil Nadu
Kolkata,West Bengal
Pune,Maharashtra
Jaipur,Rajasthan
Lucknow,Uttar Pradesh
Kanpur,Uttar Pradesh
Nagpur,Maharashtra
Indore,Madhya Pradesh
Thane,Maharashtra
Bhopal,Madhya Pradesh
Visakhapatnam,Andhra Pradesh
Patna,Bihar
Vadodara,Gujarat
Ghaziabad,Uttar Pradesh
Ludhiana,Punjab
Mumbai,Maharashtra
Delhi,Delhi
Bangalore,Karnataka
Hyderabad,Telangana
Ahmedabad,Gujarat
Chennai,Tamil Nadu
Kolkata,West Bengal
Pune,Maharashtra
Jaipur,Rajasthan
Lucknow,Uttar Pradesh
Kanpur,Uttar Pradesh
Nagpur,Maharashtra
Indore,Madhya Pradesh
Thane,Maharashtra
Bhopal,Madhya Pradesh
Visakhapatnam,Andhra Pradesh
Patna,Bihar
Vadodara,Gujarat
Ghaziabad,Uttar Pradesh
Ludhiana,Punjab
Mumbai,Maharashtra
Delhi,Delhi
Bangalore,Karnataka
Hyderabad,Telangana
Ahmedabad,Gujarat
Chennai,Tamil Nadu
Kolkata,West Bengal
Pune,Maharashtra
Jaipur,Rajasthan
Lucknow,Uttar Pradesh
Kanpur,Uttar Pradesh
Nagpur,Maharashtra
Indore,Madhya Pradesh
Thane,Maharashtra
Bhopal,Madhya Pradesh
Visakhapatnam,Andhra Pradesh
Patna,Bihar
Vadodara,Gujarat
Ghaziabad,Uttar Pradesh
Ludhiana,Punjab
Mumbai,Maharashtra
Delhi,Delhi
Bangalore,Karnataka
Hyderabad,Telangana
Ahmedabad,Gujarat
Chennai,Tamil Nadu
Kolkata,West Bengal
Pune,Maharashtra
Jaipur,Rajasthan
Lucknow,Uttar Pradesh
Kanpur,Uttar Pradesh
Nagpur,Maharashtra
Indore,Madhya Pradesh
Thane,Maharashtra
Bhopal,Madhya Pradesh
Visakhapatnam,Andhra Pradesh
Patna,Bihar
Vadodara,Gujarat
Ghaziabad,Uttar Pradesh
Ludhiana,Punjab
Mumbai,Maharashtra
Delhi,Delhi
Bangalore,Karnataka
Hyderabad,Telangana
Ahmedabad,Gujarat
Chennai,Tamil Nadu
Kolkata,West Bengal
Pune,Maharashtra
Jaipur,Rajasthan
Lucknow,Uttar Pradesh
Kanpur,Uttar Pradesh
Nagpur,Maharashtra
Indore,Madhya Pradesh
Thane,Maharashtra
Bhopal,Madhya Pradesh
Visakhapatnam,Andhra Pradesh
Patna,Bihar
Vadodara,Gujarat
Ghaziabad,Uttar Pradesh
Ludhiana,Punjab
Mumbai,Maharashtra
Delhi,Delhi
Bangalore,Karnataka
Hyderabad,Telangana
Ahmedabad,Gujarat
Chennai,Tamil Nadu
Kolkata,West Bengal
Pune,Maharashtra
Jaipur,Rajasthan
Lucknow,Uttar Pradesh
Kanpur,Uttar Pradesh
Nagpur,Maharashtra
Indore,Madhya Pradesh
Thane,Maharashtra
Bhopal,Madhya Pradesh
Visakhapatnam,Andhra Pradesh
Patna,Bihar
Vadodara,Gujarat
Ghaziabad,Uttar Pradesh
Ludhiana,Punjab
Mumbai,Maharashtra
Delhi,Delhi
Bangalore,Karnataka
Hyderabad,Telangana
Ahmedabad,Gujarat
Chennai,Tamil Nadu
Kolkata,West Bengal
Pune,Maharashtra
Jaipur,Rajasthan
Lucknow,Uttar Pradesh
Kanpur,Uttar Pradesh
Nagpur,Maharashtra
Indore,Madhya Pradesh
Thane,Maharashtra
Bhopal,Madhya Pradesh
Visakhapatnam,Andhra Pradesh
Patna,Bihar
Vadodara,Gujarat
Ghaziabad,Uttar Pradesh
Ludhiana,Punjab
Mumbai,Maharashtra
Delhi,Delhi
Bangalore,Karnataka
Hyderabad,Telangana
Ahmedabad,Gujarat
Chennai,Tamil Nadu
Kolkata,West Bengal
Pune,Maharashtra
Jaipur,Rajasthan
Lucknow,Uttar Pradesh
Kanpur,Uttar Pradesh
Nagpur,Maharashtra
Indore,Madhya Pradesh
Thane,Maharashtra
Bhopal,Madhya Pradesh
Visakhapatnam,Andhra Pradesh
Patna,Bihar
Vadodara,Gujarat
Ghaziabad,Uttar Pradesh
Ludhiana,Punjab
Mumbai,Maharashtra
Delhi,Delhi
Bangalore,Karnataka
Hyderabad,Telangana
Ahmedabad,Gujarat
Chennai,Tamil Nadu
Kolkata,West Bengal
Pune,Maharashtra
Jaipur,Rajasthan
Lucknow,Uttar Pradesh
Kanpur,Uttar Pradesh
Nagpur,Maharashtra
Indore,Madhya Pradesh
Thane,Maharashtra
Bhopal,Madhya Pradesh
Visakhapatnam,Andhra Pradesh
Patna,Bihar
Vadodara,Gujarat
Ghaziabad,Uttar Pradesh
Ludhiana,Punjab
Mumbai,Maharashtra
Delhi,Delhi
Bangalore,Karnataka
Hyderabad,Telangana
Ahmedabad,Gujarat
Chennai,Tamil Nadu
Kolkata,West Bengal
Pune,Maharashtra
Jaipur,Rajasthan
Lucknow,Uttar Pradesh
Kanpur,Uttar Pradesh
Nagpur,Maharashtra
Indore,Madhya Pradesh
Thane,Maharashtra
Bhopal,Madhya Pradesh
Visakhapatnam,Andhra Pradesh
Patna,Bihar
Vadodara,Gujarat
Ghaziabad,Uttar Pradesh
Ludhiana,Punjab
Mumbai,Maharashtra
Delhi,Delhi
Bangalore,Karnataka
Hyderabad,Telangana
Ahmedabad,Gujarat
Chennai,Tamil Nadu
Kolkata,West Bengal
Pune,Maharashtra
Jaipur,Rajasthan
Lucknow,Uttar Pradesh
Kanpur,Uttar Pradesh
Nagpur,Maharashtra
Indore,Madhya Pradesh
Thane,Maharashtra
Bhopal,Madhya Pradesh
Visakhapatnam,Andhra Pradesh
Patna,Bihar
Vadodara,Gujarat
Ghaziabad,Uttar Pradesh
Ludhiana,Punjab
Mumbai,Maharashtra
Delhi,Delhi
Bangalore,Karnataka
Hyderabad,Telangana
Ahmedabad,Gujarat
Chennai,Tamil Nadu
Kolkata,West Bengal
Pune,Maharashtra
Jaipur,Rajasthan
Lucknow,Uttar Pradesh
Kanpur,Uttar Pradesh
Nagpur,Maharashtra
Indore,Madhya Pradesh
Thane,Maharashtra
Bhopal,Madhya Pradesh
Visakhapatnam,Andhra Pradesh
Patna,Bihar
Vadodara,Gujarat
Ghaziabad,Uttar Pradesh
Ludhiana,Punjab
Mumbai,Maharashtra
Delhi,Delhi
Bangalore,Karnataka
Hyderabad,Telangana
Ahmedabad,Gujarat
Chennai,Tamil Nadu
Kolkata,West Bengal
Pune,Maharashtra
Jaipur,Rajasthan
Lucknow,Uttar Pradesh
Kanpur,Uttar Pradesh
Nagpur,Maharashtra
Indore,Madhya Pradesh
Thane,Maharashtra
Bhopal,Madhya Pradesh
Visakhapatnam,Andhra Pradesh
Patna,Bihar
Vadodara,Gujarat
Ghaziabad,Uttar Pradesh
Ludhiana,Punjab
Mumbai,Maharashtra
Delhi,Delhi
Bangalore,Karnataka
Hyderabad,Telangana
Ahmedabad,Gujarat
Chennai,Tamil Nadu
Kolkata,West Bengal
Pune,Maharashtra
Jaipur,Rajasthan
Lucknow,Uttar Pradesh
Kanpur,Uttar Pradesh
Nagpur,Maharashtra
Indore,Madhya Pradesh
Thane,Maharashtra
Bhopal,Madhya Pradesh
Visakhapatnam,Andhra Pradesh
Patna,Bihar
Vadodara,Gujarat
Ghaziabad,Uttar Pradesh
Ludhiana,Punjab
Mumbai,Maharashtra
Delhi,Delhi
Bangalore,Karnataka
Hyderabad,Telangana
Ahmedabad,Gujarat
Chennai,Tamil Nadu
Kolkata,West Bengal
Pune,Maharashtra
Jaipur,Rajasthan
Lucknow,Uttar Pradesh
Kanpur,Uttar Pradesh
Nagpur,Maharashtra
Indore,Madhya Pradesh
Thane,Maharashtra
Bhopal,Madhya Pradesh
Visakhapatnam,Andhra Pradesh
Patna,Bihar
Vadodara,Gujarat
Ghaziabad,Uttar Pradesh
Ludhiana,Punjab
Mumbai,Maharashtra
Delhi,Delhi
Bangalore,Karnataka
Hyderabad,Telangana
Ahmedabad,Gujarat
Chennai,Tamil Nadu
Kolkata,West Bengal
Pune,Maharashtra
Jaipur,Rajasthan
Lucknow,Uttar Pradesh
Kanpur,Uttar Pradesh
Nagpur,Maharashtra
Indore,Madhya Pradesh
Thane,Maharashtra
Bhopal,Madhya Pradesh
Visakhapatnam,Andhra Pradesh
Patna,Bihar
Vadodara,Gujarat
Ghaziabad,Uttar Pradesh
Ludhiana,Punjab
Mumbai,Maharashtra
Delhi,Delhi
Bangalore,Karnataka
Hyderabad,Telangana
Ahmedabad,Gujarat
Chennai,Tamil Nadu
Kolkata,West Bengal
Pune,Maharashtra
Jaipur,Rajasthan
Lucknow,Uttar Pradesh
Kanpur,Uttar Pradesh
Nagpur,Maharashtra
Indore,Madhya Pradesh
Thane,Maharashtra
Bhopal,Madhya Pradesh
Visakhapatnam,Andhra Pradesh
Patna,Bihar
Vadodara,Gujarat
Ghaziabad,Uttar Pradesh
Ludhiana,Punjab
Mumbai,Maharashtra
Delhi,Delhi
Bangalore,Karnataka
Hyderabad,Telangana
Ahmedabad,Gujarat
Chennai,Tamil Nadu
Kolkata,West Bengal
Pune,Maharashtra
Jaipur,Rajasthan
Lucknow,Uttar Pradesh
Kanpur,Uttar Pradesh
Nagpur,Maharashtra
Indore,Madhya Pradesh
Thane,Maharashtra
Bhopal,Madhya Pradesh
Visakhapatnam,Andhra Pradesh
Patna,Bihar
Vadodara,Gujarat
Ghaziabad,Uttar Pradesh
Ludhiana,Punjab
Mumbai,Maharashtra
Delhi,Delhi
Bangalore,Karnataka
Hyderabad,Telangana
Ahmedabad,Gujarat
Chennai,Tamil Nadu
Kolkata,West Bengal
Pune,Maharashtra
Jaipur,Rajasthan
Lucknow,Uttar Pradesh
Kanpur,Uttar Pradesh
Nagpur,Maharashtra
Indore,Madhya Pradesh
Thane,Maharashtra
Bhopal,Madhya Pradesh
Visakhapatnam,Andhra Pradesh
Patna,Bihar
Vadodara,Gujarat
Ghaziabad,Uttar Pradesh
Ludhiana,Punjab
Mumbai,Maharashtra
Delhi,Delhi
Bangalore,Karnataka
Hyderabad,Telangana
Ahmedabad,Gujarat
Chennai,Tamil Nadu
Kolkata,West Bengal
Pune,Maharashtra
Jaipur,Rajasthan
Lucknow,Uttar Pradesh
Kanpur,Uttar Pradesh
Nagpur,Maharashtra
Indore,Madhya Pradesh
Thane,Maharashtra
Bhopal,Madhya Pradesh
Visakhapatnam,Andhra Pradesh
Patna,Bihar
Vadodara,Gujarat
Ghaziabad,Uttar Pradesh
Ludhiana,Punjab
Mumbai,Maharashtra
Delhi,Delhi
Bangalore,Karnataka
Hyderabad,Telangana
Ahmedabad,Gujarat
Chennai,Tamil Nadu
Kolkata,West Bengal
Pune,Maharashtra
Jaipur,Rajasthan
Lucknow,Uttar Pradesh
Kanpur,Uttar Pradesh
Nagpur,Maharashtra
Indore,Madhya Pradesh
Thane,Maharashtra
Bhopal,Madhya Pradesh
Visakhapatnam,Andhra Pradesh
Patna,Bihar
Vadodara,Gujarat
Ghaziabad,Uttar Pradesh
Ludhiana,Punjab
Mumbai,Maharashtra
Delhi,Delhi
Bangalore,Karnataka
Hyderabad,Telangana
Ahmedabad,Gujarat
Chennai,Tamil Nadu
Kolkata,West Bengal
Pune,Maharashtra
Jaipur,Rajasthan
Lucknow,Uttar Pradesh
Kanpur,Uttar Pradesh
Nagpur,Maharashtra
Indore,Madhya Pradesh
Thane,Maharashtra
Bhopal,Madhya Pradesh
Visakhapatnam,Andhra Pradesh
Patna,Bihar
Vadodara,Gujarat
Ghaziabad,Uttar Pradesh
Ludhiana,Punjab
Mumbai,Maharashtra
Delhi,Delhi
Bangalore,Karnataka
Hyderabad,Telangana
Ahmedabad,Gujarat
Chennai,Tamil Nadu
Kolkata,West Bengal
Pune,Maharashtra
Jaipur,Rajasthan
Lucknow,Uttar Pradesh
Kanpur,Uttar Pradesh
Nagpur,Maharashtra
Indore,Madhya Pradesh
Thane,Maharashtra
Bhopal,Madhya Pradesh
Visakhapatnam,Andhra Pradesh
Patna,Bihar
Vadodara,Gujarat
Ghaziabad,Uttar Pradesh
Ludhiana,Punjab
Mumbai,Maharashtra
Delhi,Delhi
Bangalore,Karnataka
Hyderabad,Telangana
Ahmedabad,Gujarat
Chennai,Tamil Nadu
Kolkata,West Bengal
Pune,Maharashtra
Jaipur,Rajasthan
Lucknow,Uttar Pradesh
Kanpur,Uttar Pradesh
Nagpur,Maharashtra
Indore,Madhya Pradesh
Thane,Maharashtra
Bhopal,Madhya Pradesh
Visakhapatnam,Andhra Pradesh
Patna,Bihar
Vadodara,Gujarat
Ghaziabad,Uttar Pradesh
Ludhiana,Punjab
Mumbai,Maharashtra
Delhi,Delhi
Bangalore,Karnataka
Hyderabad,Telangana
Ahmedabad,Gujarat
Chennai,Tamil Nadu
Kolkata,West Bengal
Pune,Maharashtra
Jaipur,Rajasthan
Lucknow,Uttar Pradesh
Kanpur,Uttar Pradesh
Nagpur,Maharashtra
Indore,Madhya Pradesh
Thane,Maharashtra
Bhopal,Madhya Pradesh
Visakhapatnam,Andhra Pradesh
Patna,Bihar
Vadodara,Gujarat
Ghaziabad,Uttar Pradesh
Ludhiana,Punjab
Mumbai,Maharashtra
Delhi,Delhi
Bangalore,Karnataka
Hyderabad,Telangana
Ahmedabad,Gujarat
Chennai,Tamil Nadu
Kolkata,West Bengal
Pune,Maharashtra
Jaipur,Rajasthan
Lucknow,Uttar Pradesh
Kanpur,Uttar Pradesh
Nagpur,Maharashtra
Indore,Madhya Pradesh
Thane,Maharashtra
Bhopal,Madhya Pradesh
Visakhapatnam,Andhra Pradesh
Patna,Bihar
Vadodara,Gujarat
Ghaziabad,Uttar Pradesh
Ludhiana,Punjab
Mumbai,Maharashtra
Delhi,Delhi
Bangalore,Karnataka
Hyderabad,Telangana
Ahmedabad,Gujarat
Chennai,Tamil Nadu
Kolkata,West Bengal
Pune,Maharashtra
Jaipur,Rajasthan
Lucknow,Uttar Pradesh
Kanpur,Uttar Pradesh
Nagpur,Maharashtra
Indore,Madhya Pradesh
Thane,Maharashtra
Bhopal,Madhya Pradesh
Visakhapatnam,Andhra Pradesh
Patna,Bihar
Vadodara,Gujarat
Ghaziabad,Uttar Pradesh
Ludhiana,Punjab
Mumbai,Maharashtra
Delhi,Delhi
Bangalore,Karnataka
Hyderabad,Telangana
Ahmedabad,Gujarat
Chennai,Tamil Nadu
Kolkata,West Bengal
Pune,Maharashtra
Jaipur,Rajasthan
Lucknow,Uttar Pradesh
Kanpur,Uttar Pradesh
Nagpur,Maharashtra
Indore,Madhya Pradesh
Thane,Maharashtra
Bhopal,Madhya Pradesh
Visakhapatnam,Andhra Pradesh
Patna,Bihar
Vadodara,Gujarat
Ghaziabad,Uttar Pradesh
Ludhiana,Punjab
Mumbai,Maharashtra
Delhi,Delhi
Bangalore,Karnataka
Hyderabad,Telangana
Ahmedabad,Gujarat
Chennai,Tamil Nadu
Kolkata,West Bengal
Pune,Maharashtra
Jaipur,Rajasthan
Lucknow,Uttar Pradesh
Kanpur,Uttar Pradesh
Nagpur,Maharashtra
Indore,Madhya Pradesh
Thane,Maharashtra
Bhopal,Madhya Pradesh
Visakhapatnam,Andhra Pradesh
Patna,Bihar
Vadodara,Gujarat
Ghaziabad,Uttar Pradesh
Ludhiana,Punjab
Mumbai,Maharashtra
Delhi,Delhi
Bangalore,Karnataka
Hyderabad,Telangana
Ahmedabad,Gujarat
Chennai,Tamil Nadu
Kolkata,West Bengal
Pune,Maharashtra
Jaipur,Rajasthan
Lucknow,Uttar Pradesh
Kanpur,Uttar Pradesh
Nagpur,Maharashtra
Indore,Madhya Pradesh
Thane,Maharashtra
Bhopal,Madhya Pradesh
Visakhapatnam,Andhra Pradesh
Patna,Bihar
Vadodara,Gujarat
Ghaziabad,Uttar Pradesh
Ludhiana,Punjab
Mumbai,Maharashtra
Delhi,Delhi
Bangalore,Karnataka
Hyderabad,Telangana
Ahmedabad,Gujarat
Chennai,Tamil Nadu
Kolkata,West Bengal
Pune,Maharashtra
Jaipur,Rajasthan
Lucknow,Uttar Pradesh
Kanpur,Uttar Pradesh
Nagpur,Maharashtra
Indore,Madhya Pradesh
Thane,Maharashtra
Bhopal,Madhya Pradesh
Visakhapatnam,Andhra Pradesh
Patna,Bihar
Vadodara,Gujarat
Ghaziabad,Uttar Pradesh
Ludhiana,Punjab
Mumbai,Maharashtra
Delhi,Delhi
Bangalore,Karnataka
Hyderabad,Telangana
Ahmedabad,Gujarat
Chennai,Tamil Nadu
Kolkata,West Bengal
Pune,Maharashtra
Jaipur,Rajasthan
Lucknow,Uttar Pradesh
Kanpur,Uttar Pradesh
Nagpur,Maharashtra
Indore,Madhya Pradesh
Thane,Maharashtra
Bhopal,Madhya Pradesh
Visakhapatnam,Andhra Pradesh
Patna,Bihar
Vadodara,Gujarat
Ghaziabad,Uttar Pradesh
Ludhiana,Punjab
Mumbai,Maharashtra
Delhi,Delhi
Bangalore,Karnataka
Hyderabad,Telangana
Ahmedabad,Gujarat
Chennai,Tamil Nadu
Kolkata,West Bengal
Pune,Maharashtra
Jaipur,Rajasthan
Lucknow,Uttar Pradesh
Kanpur,Uttar Pradesh
Nagpur,Maharashtra
Indore,Madhya Pradesh
Thane,Maharashtra
Bhopal,Madhya Pradesh
Visakhapatnam,Andhra Pradesh
Patna,Bihar
Vadodara,Gujarat
Ghaziabad,Uttar Pradesh
Ludhiana,Punjab
Mumbai,Maharashtra
Delhi,Delhi
Bangalore,Karnataka
Hyderabad,Telangana
Ahmedabad,Gujarat
Chennai,Tamil Nadu
Kolkata,West Bengal
Pune,Maharashtra
Jaipur,Rajasthan
Lucknow,Uttar Pradesh
Kanpur,Uttar Pradesh
Nagpur,Maharashtra
Indore,Madhya Pradesh
Thane,Maharashtra
Bhopal,Madhya Pradesh
Visakhapatnam,Andhra Pradesh
Patna,Bihar
Vadodara,Gujarat
Ghaziabad,Uttar Pradesh
Ludhiana,Punjab
Mumbai,Maharashtra
Delhi,Delhi
Bangalore,Karnataka
Hyderabad,Telangana
Ahmedabad,Gujarat
Chennai,Tamil Nadu
Kolkata,West Bengal
Pune,Maharashtra
Jaipur,Rajasthan
Lucknow,Uttar Pradesh
Kanpur,Uttar Pradesh
Nagpur,Maharashtra
Indore,Madhya Pradesh
Thane,Maharashtra
Bhopal,Madhya Pradesh
Visakhapatnam,Andhra Pradesh
Patna,Bihar
Vadodara,Gujarat
Ghaziabad,Uttar Pradesh
Ludhiana,Punjab
Mumbai,Maharashtra
Delhi,Delhi
Bangalore,Karnataka
Hyderabad,Telangana
Ahmedabad,Gujarat
Chennai,Tamil Nadu
Kolkata,West Bengal
Pune,Maharashtra
Jaipur,Rajasthan
Lucknow,Uttar Pradesh
Kanpur,Uttar Pradesh
Nagpur,Maharashtra
Indore,Madhya Pradesh
Thane,Maharashtra
Bhopal,Madhya Pradesh
Visakhapatnam,Andhra Pradesh
Patna,Bihar
Vadodara,Gujarat
Ghaziabad,Uttar Pradesh
Ludhiana,Punjab
Mumbai,Maharashtra
Delhi,Delhi
Bangalore,Karnataka
Hyderabad,Telangana
Ahmedabad,Gujarat
Chennai,Tamil Nadu
Kolkata,West Bengal
Pune,Maharashtra
Jaipur,Rajasthan
Lucknow,Uttar Pradesh
Kanpur,Uttar Pradesh
Nagpur,Maharashtra
Indore,Madhya Pradesh
Thane,Maharashtra
Bhopal,Madhya Pradesh
Visakhapatnam,Andhra Pradesh
Patna,Bihar
Vadodara,Gujarat
Ghaziabad,Uttar Pradesh
Ludhiana,Punjab
Mumbai,Maharashtra
Delhi,Delhi
Bangalore,Karnataka
Hyderabad,Telangana
Ahmedabad,Gujarat
Chennai,Tamil Nadu
Kolkata,West Bengal
Pune,Maharashtra
Jaipur,Rajasthan
Lucknow,Uttar Pradesh
Kanpur,Uttar Pradesh
Nagpur,Maharashtra
Indore,Madhya Pradesh
Thane,Maharashtra
Bhopal,Madhya Pradesh
Visakhapatnam,Andhra Pradesh
Patna,Bihar
Vadodara,Gujarat
Ghaziabad,Uttar Pradesh
Ludhiana,Punjab
Mumbai,Maharashtra
Delhi,Delhi
Bangalore,Karnataka
Hyderabad,Telangana
Ahmedabad,Gujarat
Chennai,Tamil Nadu
Kolkata,West Bengal
Pune,Maharashtra
Jaipur,Rajasthan
Lucknow,Uttar Pradesh
Kanpur,Uttar Pradesh
Nagpur,Maharashtra
Indore,Madhya Pradesh
Thane,Maharashtra
Bhopal,Madhya Pradesh
Visakhapatnam,Andhra Pradesh
Patna,Bihar
Vadodara,Gujarat
Ghaziabad,Uttar Pradesh
Ludhiana,Punjab
Mumbai,Maharashtra
Delhi,Delhi
Bangalore,Karnataka
Hyderabad,Telangana
Ahmedabad,Gujarat
Chennai,Tamil Nadu
Kolkata,West Bengal
Pune,Maharashtra
Jaipur,Rajasthan
Lucknow,Uttar Pradesh
Kanpur,Uttar Pradesh
Nagpur,Maharashtra
Indore,Madhya Pradesh
Thane,Maharashtra
Bhopal,Madhya Pradesh
Visakhapatnam,Andhra Pradesh
Patna,Bihar
Vadodara,Gujarat
Ghaziabad,Uttar Pradesh
Ludhiana,Punjab
Mumbai,Maharashtra
Delhi,Delhi
Bangalore,Karnataka
Hyderabad,Telangana
Ahmedabad,Gujarat
Chennai,Tamil Nadu
Kolkata,West Bengal
Pune,Maharashtra
Jaipur,Rajasthan
Lucknow,Uttar Pradesh
Kanpur,Uttar Pradesh
Nagpur,Maharashtra
Indore,Madhya Pradesh
Thane,Maharashtra
Bhopal,Madhya Pradesh
Visakhapatnam,Andhra Pradesh
Patna,Bihar
Vadodara,Gujarat
Ghaziabad,Uttar Pradesh
Ludhiana,Punjab
Mumbai,Maharashtra
Delhi,Delhi
Bangalore,Karnataka
Hyderabad,Telangana
Ahmedabad,Gujarat
Chennai,Tamil Nadu
Kolkata,West Bengal
Pune,Maharashtra
Jaipur,Rajasthan
Lucknow,Uttar Pradesh
Kanpur,Uttar Pradesh
Nagpur,Maharashtra
Indore,Madhya Pradesh
Thane,Maharashtra
Bhopal,Madhya Pradesh
Visakhapatnam,Andhra Pradesh
Patna,Bihar
Vadodara,Gujarat
Ghaziabad,Uttar Pradesh
Ludhiana,Punjab
Mumbai,Maharashtra
Delhi,Delhi
Bangalore,Karnataka
Hyderabad,Telangana
Ahmedabad,Gujarat
Chennai,Tamil Nadu
Kolkata,West Bengal
Pune,Maharashtra
Jaipur,Rajasthan
Lucknow,Uttar Pradesh
Kanpur,Uttar Pradesh
Nagpur,Maharashtra
Indore,Madhya Pradesh
Thane,Maharashtra
Bhopal,Madhya Pradesh
Visakhapatnam,Andhra Pradesh
Patna,Bihar
Vadodara,Gujarat
Ghaziabad,Uttar Pradesh
Ludhiana,Punjab
Mumbai,Maharashtra
Delhi,Delhi
Bangalore,Karnataka
Hyderabad,Telangana
Ahmedabad,Gujarat
Chennai,Tamil Nadu
Kolkata,West Bengal
Pune,Maharashtra
Jaipur,Rajasthan
Lucknow,Uttar Pradesh
Kanpur,Uttar Pradesh
Nagpur,Maharashtra
Indore,Madhya Pradesh
Thane,Maharashtra
Bhopal,Madhya Pradesh
Visakhapatnam,Andhra Pradesh
Patna,Bihar
Vadodara,Gujarat
Ghaziabad,Uttar Pradesh
Ludhiana,Punjab
Mumbai,Maharashtra
Delhi,Delhi
Bangalore,Karnataka
Hyderabad,Telangana
Ahmedabad,Gujarat
Chennai,Tamil Nadu
Kolkata,West Bengal
Pune,Maharashtra
Jaipur,Rajasthan
Lucknow,Uttar Pradesh
Kanpur,Uttar Pradesh
Nagpur,Maharashtra
Indore,Madhya Pradesh
Thane,Maharashtra
Bhopal,Madhya Pradesh
Visakhapatnam,Andhra Pradesh
Patna,Bihar
Vadodara,Gujarat
Ghaziabad,Uttar Pradesh
Ludhiana,Punjab
Mumbai,Maharashtra
Delhi,Delhi
Bangalore,Karnataka
Hyderabad,Telangana
Ahmedabad,Gujarat
Chennai,Tamil Nadu
Kolkata,West Bengal
Pune,Maharashtra
Jaipur,Rajasthan
Lucknow,Uttar Pradesh
Kanpur,Uttar Pradesh
Nagpur,Maharashtra
Indore,Madhya Pradesh
Thane,Maharashtra
Bhopal,Madhya Pradesh
Visakhapatnam,Andhra Pradesh
Patna,Bihar
Vadodara,Gujarat
Ghaziabad,Uttar Pradesh
Ludhiana,Punjab
Mumbai,Maharashtra
Delhi,Delhi
Bangalore,Karnataka
Hyderabad,Telangana
Ahmedabad,Gujarat
Chennai,Tamil Nadu
Kolkata,West Bengal
Pune,Maharashtra
Jaipur,Rajasthan
Lucknow,Uttar Pradesh
Kanpur,Uttar Pradesh
Nagpur,Maharashtra
Indore,Madhya Pradesh
Thane,Maharashtra
Bhopal,Madhya Pradesh
Visakhapatnam,Andhra Pradesh
Patna,Bihar
Vadodara,Gujarat
Ghaziabad,Uttar Pradesh
Ludhiana,Punjab
Mumbai,Maharashtra
Delhi,Delhi
Bangalore,Karnataka
Hyderabad,Telangana
Ahmedabad,Gujarat
Chennai,Tamil Nadu
Kolkata,West Bengal
Pune,Maharashtra
Jaipur,Rajasthan
Lucknow,Uttar Pradesh
Kanpur,Uttar Pradesh
Nagpur,Maharashtra
Indore,Madhya Pradesh
Thane,Maharashtra
Bhopal,Madhya Pradesh
Visakhapatnam,Andhra Pradesh
Patna,Bihar
Vadodara,Gujarat
Ghaziabad,Uttar Pradesh
Ludhiana,Punjab
Mumbai,Maharashtra
Delhi,Delhi
Bangalore,Karnataka
Hyderabad,Telangana
Ahmedabad,Gujarat
Chennai,Tamil Nadu
Kolkata,West Bengal
Pune,Maharashtra
Jaipur,Rajasthan
Lucknow,Uttar Pradesh
Kanpur,Uttar Pradesh
Nagpur,Maharashtra
Indore,Madhya Pradesh
Thane,Maharashtra
Bhopal,Madhya Pradesh
Visakhapatnam,Andhra Pradesh
Patna,Bihar
Vadodara,Gujarat
Ghaziabad,Uttar Pradesh
Ludhiana,Punjab
Mumbai,Maharashtra
Delhi,Delhi
Bangalore,Karnataka
Hyderabad,Telangana
Ahmedabad,Gujarat
Chennai,Tamil Nadu
Kolkata,West Bengal
Pune,Maharashtra
Jaipur,Rajasthan
Lucknow,Uttar Pradesh
Kanpur,Uttar Pradesh
Nagpur,Maharashtra
Indore,Madhya Pradesh
Thane,Maharashtra
Bhopal,Madhya Pradesh
Visakhapatnam,Andhra Pradesh
Patna,Bihar
Vadodara,Gujarat
Ghaziabad,Uttar Pradesh
Ludhiana,Punjab
Mumbai,Maharashtra
Delhi,Delhi
Bangalore,Karnataka
Hyderabad,Telangana
Ahmedabad,Gujarat
Chennai,Tamil Nadu
Kolkata,West Bengal
Pune,Maharashtra
Jaipur,Rajasthan
Lucknow,Uttar Pradesh
Kanpur,Uttar Pradesh
Nagpur,Maharashtra
Indore,Madhya Pradesh
Thane,Maharashtra
Bhopal,Madhya Pradesh
Visakhapatnam,Andhra Pradesh
Patna,Bihar
Vadodara,Gujarat
Ghaziabad,Uttar Pradesh
Ludhiana,Punjab
Mumbai,Maharashtra
Delhi,Delhi
Bangalore,Karnataka
Hyderabad,Telangana
Ahmedabad,Gujarat
Chennai,Tamil Nadu
Kolkata,West Bengal
Pune,Maharashtra
Jaipur,Rajasthan
Lucknow,Uttar Pradesh
Kanpur,Uttar Pradesh
Nagpur,Maharashtra
Indore,Madhya Pradesh
Thane,Maharashtra
Bhopal,Madhya Pradesh
Visakhapatnam,Andhra Pradesh
Patna,Bihar
Vadodara,Gujarat
Ghaziabad,Uttar Pradesh
Ludhiana,Punjab
Mumbai,Maharashtra
Delhi,Delhi
Bangalore,Karnataka
Hyderabad,Telangana
Ahmedabad,Gujarat
Chennai,Tamil Nadu
Kolkata,West Bengal
Pune,Maharashtra
Jaipur,Rajasthan
Lucknow,Uttar Pradesh
Kanpur,Uttar Pradesh
Nagpur,Maharashtra
Indore,Madhya Pradesh
Thane,Maharashtra
Bhopal,Madhya Pradesh
Visakhapatnam,Andhra Pradesh
Patna,Bihar
Vadodara,Gujarat
Ghaziabad,Uttar Pradesh
Ludhiana,Punjab
Mumbai,Maharashtra
Delhi,Delhi
Bangalore,Karnataka
Hyderabad,Telangana
Ahmedabad,Gujarat
Chennai,Tamil Nadu
Kolkata,West Bengal
Pune,Maharashtra
Jaipur,Rajasthan
Lucknow,Uttar Pradesh
Kanpur,Uttar Pradesh
Nagpur,Maharashtra
Indore,Madhya Pradesh
Thane,Maharashtra
Bhopal,Madhya Pradesh
Visakhapatnam,Andhra Pradesh
Patna,Bihar
Vadodara,Gujarat
Ghaziabad,Uttar Pradesh
Ludhiana,Punjab
Mumbai,Maharashtra
Delhi,Delhi
Bangalore,Karnataka
Hyderabad,Telangana
Ahmedabad,Gujarat
Chennai,Tamil Nadu
Kolkata,West Bengal
Pune,Maharashtra
Jaipur,Rajasthan
Lucknow,Uttar Pradesh
Kanpur,Uttar Pradesh
Nagpur,Maharashtra
Indore,Madhya Pradesh
Thane,Maharashtra
Bhopal,Madhya Pradesh
Visakhapatnam,Andhra Pradesh
Patna,Bihar
Vadodara,Gujarat
Ghaziabad,Uttar Pradesh
Ludhiana,Punjab
Mumbai,Maharashtra
Delhi,Delhi
Bangalore,Karnataka
Hyderabad,Telangana
Ahmedabad,Gujarat
Chennai,Tamil Nadu
Kolkata,West Bengal
Pune,Maharashtra
Jaipur,Rajasthan
Lucknow,Uttar Pradesh
Kanpur,Uttar Pradesh
Nagpur,Maharashtra
Indore,Madhya Pradesh
Thane,Maharashtra
Bhopal,Madhya Pradesh
Visakhapatnam,Andhra Pradesh
Patna,Bihar
Vadodara,Gujarat
Ghaziabad,Uttar Pradesh
Ludhiana,Punjab
Mumbai,Maharashtra
Delhi,Delhi
Bangalore,Karnataka
Hyderabad,Telangana
Ahmedabad,Gujarat
Chennai,Tamil Nadu
Kolkata,West Bengal
Pune,Maharashtra
Jaipur,Rajasthan
Lucknow,Uttar Pradesh
Kanpur,Uttar Pradesh
Nagpur,Maharashtra
Indore,Madhya Pradesh
Thane,Maharashtra
Bhopal,Madhya Pradesh
Visakhapatnam,Andhra Pradesh
Patna,Bihar
Vadodara,Gujarat
Ghaziabad,Uttar Pradesh
Ludhiana,Punjab
Mumbai,Maharashtra
Delhi,Delhi
Bangalore,Karnataka
Hyderabad,Telangana
Ahmedabad,Gujarat
Chennai,Tamil Nadu
Kolkata,West Bengal
Pune,Maharashtra
Jaipur,Rajasthan
Lucknow,Uttar Pradesh
Kanpur,Uttar Pradesh
Nagpur,Maharashtra
Indore,Madhya Pradesh
Thane,Maharashtra
Bhopal,Madhya Pradesh
Visakhapatnam,Andhra Pradesh
Patna,Bihar
Vadodara,Gujarat
Ghaziabad,Uttar Pradesh
Ludhiana,Punjab
Mumbai,Maharashtra
Delhi,Delhi
Bangalore,Karnataka
Hyderabad,Telangana
Ahmedabad,Gujarat
Chennai,Tamil Nadu
Kolkata,West Bengal
Pune,Maharashtra
Jaipur,Rajasthan
Lucknow,Uttar Pradesh
Kanpur,Uttar Pradesh
Nagpur,Maharashtra
Indore,Madhya Pradesh
Thane,Maharashtra
Bhopal,Madhya Pradesh
Visakhapatnam,Andhra Pradesh
Patna,Bihar
Vadodara,Gujarat
Ghaziabad,Uttar Pradesh
Ludhiana,Punjab
Mumbai,Maharashtra
Delhi,Delhi
Bangalore,Karnataka
Hyderabad,Telangana
Ahmedabad,Gujarat
Chennai,Tamil Nadu
Kolkata,West Bengal
Pune,Maharashtra
Jaipur,Rajasthan
Lucknow,Uttar Pradesh
Kanpur,Uttar Pradesh
Nagpur,Maharashtra
Indore,Madhya Pradesh
Thane,Maharashtra
Bhopal,Madhya Pradesh
Visakhapatnam,Andhra Pradesh
Patna,Bihar
Vadodara,Gujarat
Ghaziabad,Uttar Pradesh
Ludhiana,Punjab
Mumbai,Maharashtra
Delhi,Delhi
Bangalore,Karnataka
Hyderabad,Telangana
Ahmedabad,Gujarat
Chennai,Tamil Nadu
Kolkata,West Bengal
Pune,Maharashtra
Jaipur,Rajasthan
Lucknow,Uttar Pradesh
Kanpur,Uttar Pradesh
Nagpur,Maharashtra
Indore,Madhya Pradesh
Thane,Maharashtra
Bhopal,Madhya Pradesh
Visakhapatnam,Andhra Pradesh
Patna,Bihar
Vadodara,Gujarat
Ghaziabad,Uttar Pradesh
Ludhiana,Punjab
Mumbai,Maharashtra
Delhi,Delhi
Bangalore,Karnataka
Hyderabad,Telangana
Ahmedabad,Gujarat
Chennai,Tamil Nadu
Kolkata,West Bengal
Pune,Maharashtra
Jaipur,Rajasthan
Lucknow,Uttar Pradesh
Kanpur,Uttar Pradesh
Nagpur,Maharashtra
Indore,Madhya Pradesh
Thane,Maharashtra
Bhopal,Madhya Pradesh
Visakhapatnam,Andhra Pradesh
Patna,Bihar
Vadodara,Gujarat
Ghaziabad,Uttar Pradesh
Ludhiana,Punjab
Mumbai,Maharashtra
Delhi,Delhi
Bangalore,Karnataka
Hyderabad,Telangana
Ahmedabad,Gujarat
Chennai,Tamil Nadu
Kolkata,West Bengal
Pune,Maharashtra
Jaipur,Rajasthan
Lucknow,Uttar Pradesh
Kanpur,Uttar Pradesh
Nagpur,Maharashtra
Indore,Madhya Pradesh
Thane,Maharashtra
Bhopal,Madhya Pradesh
Visakhapatnam,Andhra Pradesh
Patna,Bihar
Vadodara,Gujarat
Ghaziabad,Uttar Pradesh
Ludhiana,Punjab
Mumbai,Maharashtra
Delhi,Delhi
Bangalore,Karnataka
Hyderabad,Telangana
Ahmedabad,Gujarat
Chennai,Tamil Nadu
Kolkata,West Bengal
Pune,Maharashtra
Jaipur,Rajasthan
Lucknow,Uttar Pradesh
Kanpur,Uttar Pradesh
Nagpur,Maharashtra
Indore,Madhya Pradesh
Thane,Maharashtra
Bhopal,Madhya Pradesh
Visakhapatnam,Andhra Pradesh
Patna,Bihar
Vadodara,Gujarat
Ghaziabad,Uttar Pradesh
Ludhiana,Punjab
Mumbai,Maharashtra
Delhi,Delhi
Bangalore,Karnataka
Hyderabad,Telangana
Ahmedabad,Gujarat
Chennai,Tamil Nadu
Kolkata,West Bengal
Pune,Maharashtra
Jaipur,Rajasthan
Lucknow,Uttar Pradesh
Kanpur,Uttar Pradesh
Nagpur,Maharashtra
Indore,Madhya Pradesh
Thane,Maharashtra
Bhopal,Madhya Pradesh
Visakhapatnam,Andhra Pradesh
Patna,Bihar
Vadodara,Gujarat
Ghaziabad,Uttar Pradesh
Ludhiana,Punjab
Mumbai,Maharashtra
Delhi,Delhi
Bangalore,Karnataka
Hyderabad,Telangana
Ahmedabad,Gujarat
Chennai,Tamil Nadu
Kolkata,West Bengal
Pune,Maharashtra
Jaipur,Rajasthan
Lucknow,Uttar Pradesh
Kanpur,Uttar Pradesh
Nagpur,Maharashtra
Indore,Madhya Pradesh
Thane,Maharashtra
Bhopal,Madhya Pradesh
Visakhapatnam,Andhra Pradesh
Patna,Bihar
Vadodara,Gujarat
Ghaziabad,Uttar Pradesh
Ludhiana,Punjab
Mumbai,Maharashtra
Delhi,Delhi
Bangalore,Karnataka
Hyderabad,Telangana
Ahmedabad,Gujarat
Chennai,Tamil Nadu
Kolkata,West Bengal
Pune,Maharashtra
Jaipur,Rajasthan
Lucknow,Uttar Pradesh
Kanpur,Uttar Pradesh
Nagpur,Maharashtra
Indore,Madhya Pradesh
Thane,Maharashtra
Bhopal,Madhya Pradesh
Visakhapatnam,Andhra Pradesh
Patna,Bihar
Vadodara,Gujarat
Ghaziabad,Uttar Pradesh
Ludhiana,Punjab
Mumbai,Maharashtra
Delhi,Delhi
Bangalore,Karnataka
Hyderabad,Telangana
Ahmedabad,Gujarat
Chennai,Tamil Nadu
Kolkata,West Bengal
Pune,Maharashtra
Jaipur,Rajasthan
Lucknow,Uttar Pradesh
Kanpur,Uttar Pradesh
Nagpur,Maharashtra
Indore,Madhya Pradesh
Thane,Maharashtra
Bhopal,Madhya Pradesh
Visakhapatnam,Andhra Pradesh
Patna,Bihar
Vadodara,Gujarat
Ghaziabad,Uttar Pradesh
Ludhiana,Punjab
Mumbai,Maharashtra
Delhi,Delhi
Bangalore,Karnataka
Hyderabad,Telangana
Ahmedabad,Gujarat
Chennai,Tamil Nadu
Kolkata,West Bengal
Pune,Maharashtra
Jaipur,Rajasthan
Lucknow,Uttar Pradesh
Kanpur,Uttar Pradesh
Nagpur,Maharashtra
Indore,Madhya Pradesh
Thane,Maharashtra
Bhopal,Madhya Pradesh
Visakhapatnam,Andhra Pradesh
Patna,Bihar
Vadodara,Gujarat
Ghaziabad,Uttar Pradesh
Ludhiana,Punjab
Mumbai,Maharashtra
Delhi,Delhi
Bangalore,Karnataka
Hyderabad,Telangana
Ahmedabad,Gujarat
Chennai,Tamil Nadu
Kolkata,West Bengal
Pune,Maharashtra
Jaipur,Rajasthan
Lucknow,Uttar Pradesh
Kanpur,Uttar Pradesh
Nagpur,Maharashtra
Indore,Madhya Pradesh
Thane,Maharashtra
Bhopal,Madhya Pradesh
Visakhapatnam,Andhra Pradesh
Patna,Bihar
Vadodara,Gujarat
Ghaziabad,Uttar Pradesh
Ludhiana,Punjab
Mumbai,Maharashtra
Delhi,Delhi
Bangalore,Karnataka
Hyderabad,Telangana
Ahmedabad,Gujarat
Chennai,Tamil Nadu
Kolkata,West Bengal
Pune,Maharashtra
Jaipur,Rajasthan
Lucknow,Uttar Pradesh
Kanpur,Uttar Pradesh
Nagpur,Maharashtra
Indore,Madhya Pradesh
Thane,Maharashtra
Bhopal,Madhya Pradesh
Visakhapatnam,Andhra Pradesh
Patna,Bihar
Vadodara,Gujarat
Ghaziabad,Uttar Pradesh
Ludhiana,Punjab
Mumbai,Maharashtra
Delhi,Delhi
Bangalore,Karnataka
Hyderabad,Telangana
Ahmedabad,Gujarat
Chennai,Tamil Nadu
Kolkata,West Bengal
Pune,Maharashtra
Jaipur,Rajasthan
Lucknow,Uttar Pradesh
Kanpur,Uttar Pradesh
Nagpur,Maharashtra
Indore,Madhya Pradesh
Thane,Maharashtra
Bhopal,Madhya Pradesh
Visakhapatnam,Andhra Pradesh
Patna,Bihar
Vadodara,Gujarat
Ghaziabad,Uttar Pradesh
Ludhiana,Punjab
Mumbai,Maharashtra
Delhi,Delhi
Bangalore,Karnataka
Hyderabad,Telangana
Ahmedabad,Gujarat
Chennai,Tamil Nadu
Kolkata,West Bengal
Pune,Maharashtra
Jaipur,Rajasthan
Lucknow,Uttar Pradesh
Kanpur,Uttar Pradesh
Nagpur,Maharashtra
Indore,Madhya Pradesh
Thane,Maharashtra
Bhopal,Madhya Pradesh
Visakhapatnam,Andhra Pradesh
Patna,Bihar
Vadodara,Gujarat
Ghaziabad,Uttar Pradesh
Ludhiana,Punjab
Mumbai,Maharashtra
Delhi,Delhi
Bangalore,Karnataka
Hyderabad,Telangana
Ahmedabad,Gujarat
Chennai,Tamil Nadu
Kolkata,West Bengal
Pune,Maharashtra
Jaipur,Rajasthan
Lucknow,Uttar Pradesh
Kanpur,Uttar Pradesh
Nagpur,Maharashtra
Indore,Madhya Pradesh
Thane,Maharashtra
Bhopal,Madhya Pradesh
Visakhapatnam,Andhra Pradesh
Patna,Bihar
Vadodara,Gujarat
Ghaziabad,Uttar Pradesh
Ludhiana,Punjab
Mumbai,Maharashtra
Delhi,Delhi
Bangalore,Karnataka
Hyderabad,Telangana
Ahmedabad,Gujarat
Chennai,Tamil Nadu
Kolkata,West Bengal
Pune,Maharashtra
Jaipur,Rajasthan
Lucknow,Uttar Pradesh
Kanpur,Uttar Pradesh
Nagpur,Maharashtra
Indore,Madhya Pradesh
Thane,Maharashtra
Bhopal,Madhya Pradesh
Visakhapatnam,Andhra Pradesh
Patna,Bihar
Vadodara,Gujarat
Ghaziabad,Uttar Pradesh
Ludhiana,Punjab
Mumbai,Maharashtra
Delhi,Delhi
Bangalore,Karnataka
Hyderabad,Telangana
Ahmedabad,Gujarat
Chennai,Tamil Nadu
Kolkata,West Bengal
Pune,Maharashtra
Jaipur,Rajasthan
Lucknow,Uttar Pradesh
Kanpur,Uttar Pradesh
Nagpur,Maharashtra
Indore,Madhya Pradesh
Thane,Maharashtra
Bhopal,Madhya Pradesh
Visakhapatnam,Andhra Pradesh
Patna,Bihar
Vadodara,Gujarat
Ghaziabad,Uttar Pradesh
Ludhiana,Punjab
Mumbai,Maharashtra
Delhi,Delhi
Bangalore,Karnataka
Hyderabad,Telangana
Ahmedabad,Gujarat
Chennai,Tamil Nadu
Kolkata,West Bengal
Pune,Maharashtra
Jaipur,Rajasthan
Lucknow,Uttar Pradesh
Kanpur,Uttar Pradesh
Nagpur,Maharashtra
Indore,Madhya Pradesh
Thane,Maharashtra
Bhopal,Madhya Pradesh
Visakhapatnam,Andhra Pradesh
Patna,Bihar
Vadodara,Gujarat
Ghaziabad,Uttar Pradesh
Ludhiana,Punjab
Mumbai,Maharashtra
Delhi,Delhi
Bangalore,Karnataka
Hyderabad,Telangana
Ahmedabad,Gujarat
Chennai,Tamil Nadu
Kolkata,West Bengal
Pune,Maharashtra
Jaipur,Rajasthan
Lucknow,Uttar Pradesh
Kanpur,Uttar Pradesh
Nagpur,Maharashtra
Indore,Madhya Pradesh
Thane,Maharashtra
Bhopal,Madhya Pradesh
Visakhapatnam,Andhra Pradesh
Patna,Bihar
Vadodara,Gujarat
Ghaziabad,Uttar Pradesh
Ludhiana,Punjab
Mumbai,Maharashtra
Delhi,Delhi
Bangalore,Karnataka
Hyderabad,Telangana
Ahmedabad,Gujarat
Chennai,Tamil Nadu
Kolkata,West Bengal
Pune,Maharashtra
Jaipur,Rajasthan
Lucknow,Uttar Pradesh
Kanpur,Uttar Pradesh
Nagpur,Maharashtra
Indore,Madhya Pradesh
Thane,Maharashtra
Bhopal,Madhya Pradesh
Visakhapatnam,Andhra Pradesh
Patna,Bihar
Vadodara,Gujarat
Ghaziabad,Uttar Pradesh
Ludhiana,Punjab
Mumbai,Maharashtra
Delhi,Delhi
Bangalore,Karnataka
Hyderabad,Telangana
Ahmedabad,Gujarat
Chennai,Tamil Nadu
Kolkata,West Bengal
Pune,Maharashtra
Jaipur,Rajasthan
Lucknow,Uttar Pradesh
Kanpur,Uttar Pradesh
Nagpur,Maharashtra
Indore,Madhya Pradesh
Thane,Maharashtra
Bhopal,Madhya Pradesh
Visakhapatnam,Andhra Pradesh
Patna,Bihar
Vadodara,Gujarat
Ghaziabad,Uttar Pradesh
Ludhiana,Punjab
Mumbai,Maharashtra
Delhi,Delhi
Bangalore,Karnataka
Hyderabad,Telangana
Ahmedabad,Gujarat
Chennai,Tamil Nadu
Kolkata,West Bengal
Pune,Maharashtra
Jaipur,Rajasthan
Lucknow,Uttar Pradesh
Kanpur,Uttar Pradesh
Nagpur,Maharashtra
Indore,Madhya Pradesh
Thane,Maharashtra
Bhopal,Madhya Pradesh
Visakhapatnam,Andhra Pradesh
Patna,Bihar
Vadodara,Gujarat
Ghaziabad,Uttar Pradesh
Ludhiana,Punjab
Mumbai,Maharashtra
Delhi,Delhi
Bangalore,Karnataka
Hyderabad,Telangana
Ahmedabad,Gujarat
Chennai,Tamil Nadu
Kolkata,West Bengal
Pune,Maharashtra
Jaipur,Rajasthan
Lucknow,Uttar Pradesh
Kanpur,Uttar Pradesh
Nagpur,Maharashtra
Indore,Madhya Pradesh
Thane,Maharashtra
Bhopal,Madhya Pradesh
Visakhapatnam,Andhra Pradesh
Patna,Bihar
Vadodara,Gujarat
Ghaziabad,Uttar Pradesh
Ludhiana,Punjab
Mumbai,Maharashtra
Delhi,Delhi
Bangalore,Karnataka
Hyderabad,Telangana
Ahmedabad,Gujarat
Chennai,Tamil Nadu
Kolkata,West Bengal
Pune,Maharashtra
Jaipur,Rajasthan
Lucknow,Uttar Pradesh
Kanpur,Uttar Pradesh
Nagpur,Maharashtra
Indore,Madhya Pradesh
Thane,Maharashtra
Bhopal,Madhya Pradesh
Visakhapatnam,Andhra Pradesh
Patna,Bihar
Vadodara,Gujarat
Ghaziabad,Uttar Pradesh
Ludhiana,Punjab
Mumbai,Maharashtra
Delhi,Delhi
Bangalore,Karnataka
Hyderabad,Telangana
Ahmedabad,Gujarat
Chennai,Tamil Nadu
Kolkata,West Bengal
Pune,Maharashtra
Jaipur,Rajasthan
Lucknow,Uttar Pradesh
Kanpur,Uttar Pradesh
Nagpur,Maharashtra
Indore,Madhya Pradesh
Thane,Maharashtra
Bhopal,Madhya Pradesh
Visakhapatnam,Andhra Pradesh
Patna,Bihar
Vadodara,Gujarat
Ghaziabad,Uttar Pradesh
Ludhiana,Punjab
Mumbai,Maharashtra
Delhi,Delhi
Bangalore,Karnataka
Hyderabad,Telangana
Ahmedabad,Gujarat
Chennai,Tamil Nadu
Kolkata,West Bengal
Pune,Maharashtra
Jaipur,Rajasthan
Lucknow,Uttar Pradesh
Kanpur,Uttar Pradesh
Nagpur,Maharashtra
Indore,Madhya Pradesh
Thane,Maharashtra
Bhopal,Madhya Pradesh
Visakhapatnam,Andhra Pradesh
Patna,Bihar
Vadodara,Gujarat
Ghaziabad,Uttar Pradesh
Ludhiana,Punjab
Mumbai,Maharashtra
Delhi,Delhi
Bangalore,Karnataka
Hyderabad,Telangana
Ahmedabad,Gujarat
Chennai,Tamil Nadu
Kolkata,West Bengal
Pune,Maharashtra
Jaipur,Rajasthan
Lucknow,Uttar Pradesh
Kanpur,Uttar Pradesh
Nagpur,Maharashtra
Indore,Madhya Pradesh
Thane,Maharashtra
Bhopal,Madhya Pradesh
Visakhapatnam,Andhra Pradesh
Patna,Bihar
Vadodara,Gujarat
Ghaziabad,Uttar Pradesh
Ludhiana,Punjab
Mumbai,Maharashtra
Delhi,Delhi
Bangalore,Karnataka
Hyderabad,Telangana
Ahmedabad,Gujarat
Chennai,Tamil Nadu
Kolkata,West Bengal
Pune,Maharashtra
Jaipur,Rajasthan
Lucknow,Uttar Pradesh
Kanpur,Uttar Pradesh
Nagpur,Maharashtra
Indore,Madhya Pradesh
Thane,Maharashtra
Bhopal,Madhya Pradesh
Visakhapatnam,Andhra Pradesh
Patna,Bihar
Vadodara,Gujarat
Ghaziabad,Uttar Pradesh
Ludhiana,Punjab
Mumbai,Maharashtra
Delhi,Delhi
Bangalore,Karnataka
Hyderabad,Telangana
Ahmedabad,Gujarat
Chennai,Tamil Nadu
Kolkata,West Bengal
Pune,Maharashtra
Jaipur,Rajasthan
Lucknow,Uttar Pradesh
Kanpur,Uttar Pradesh
Nagpur,Maharashtra
Indore,Madhya Pradesh
Thane,Maharashtra
Bhopal,Madhya Pradesh
Visakhapatnam,Andhra Pradesh
Patna,Bihar
Vadodara,Gujarat
Ghaziabad,Uttar Pradesh
Ludhiana,Punjab
Mumbai,Maharashtra
Delhi,Delhi
Bangalore,Karnataka
Hyderabad,Telangana
Ahmedabad,Gujarat
Chennai,Tamil Nadu
Kolkata,West Bengal
Pune,Maharashtra
Jaipur,Rajasthan
Lucknow,Uttar Pradesh
Kanpur,Uttar Pradesh
Nagpur,Maharashtra
Indore,Madhya Pradesh
Thane,Maharashtra
Bhopal,Madhya Pradesh
Visakhapatnam,Andhra Pradesh
Patna,Bihar
Vadodara,Gujarat
Ghaziabad,Uttar Pradesh
Ludhiana,Punjab
Mumbai,Maharashtra
Delhi,Delhi
Bangalore,Karnataka
Hyderabad,Telangana
Ahmedabad,Gujarat
Chennai,Tamil Nadu
Kolkata,West Bengal
Pune,Maharashtra
Jaipur,Rajasthan
Lucknow,Uttar Pradesh
Kanpur,Uttar Pradesh
Nagpur,Maharashtra
Indore,Madhya Pradesh
Thane,Maharashtra
Bhopal,Madhya Pradesh
Visakhapatnam,Andhra Pradesh
Patna,Bihar
Vadodara,Gujarat
Ghaziabad,Uttar Pradesh
Ludhiana,Punjab
Mumbai,Maharashtra
Delhi,Delhi
Bangalore,Karnataka
Hyderabad,Telangana
Ahmedabad,Gujarat
Chennai,Tamil Nadu
Kolkata,West Bengal
Pune,Maharashtra
Jaipur,Rajasthan
Lucknow,Uttar Pradesh
Kanpur,Uttar Pradesh
Nagpur,Maharashtra
Indore,Madhya Pradesh
Thane,Maharashtra
Bhopal,Madhya Pradesh
Visakhapatnam,Andhra Pradesh
Patna,Bihar
Vadodara,Gujarat
Ghaziabad,Uttar Pradesh
Ludhiana,Punjab
Mumbai,Maharashtra
Delhi,Delhi
Bangalore,Karnataka
Hyderabad,Telangana
Ahmedabad,Gujarat
Chennai,Tamil Nadu
Kolkata,West Bengal
Pune,Maharashtra
Jaipur,Rajasthan
Lucknow,Uttar Pradesh
Kanpur,Uttar Pradesh
Nagpur,Maharashtra
Indore,Madhya Pradesh
Thane,Maharashtra
Bhopal,Madhya Pradesh
Visakhapatnam,Andhra Pradesh
Patna,Bihar
Vadodara,Gujarat
Ghaziabad,Uttar Pradesh
Ludhiana,Punjab
Mumbai,Maharashtra
Delhi,Delhi
Bangalore,Karnataka
Hyderabad,Telangana
Ahmedabad,Gujarat
Chennai,Tamil Nadu
Kolkata,West Bengal
Pune,Maharashtra
Jaipur,Rajasthan
Lucknow,Uttar Pradesh
Kanpur,Uttar Pradesh
Nagpur,Maharashtra
Indore,Madhya Pradesh
Thane,Maharashtra
Bhopal,Madhya Pradesh
Visakhapatnam,Andhra Pradesh
Patna,Bihar
Vadodara,Gujarat
Ghaziabad,Uttar Pradesh
Ludhiana,Punjab
Mumbai,Maharashtra
Delhi,Delhi
Bangalore,Karnataka
Hyderabad,Telangana
Ahmedabad,Gujarat
Chennai,Tamil Nadu
Kolkata,West Bengal
Pune,Maharashtra
Jaipur,Rajasthan
Lucknow,Uttar Pradesh
Kanpur,Uttar Pradesh
Nagpur,Maharashtra
Indore,Madhya Pradesh
Thane,Maharashtra
Bhopal,Madhya Pradesh
Visakhapatnam,Andhra Pradesh
Patna,Bihar
Vadodara,Gujarat
Ghaziabad,Uttar Pradesh
Ludhiana,Punjab
Mumbai,Maharashtra
Delhi,Delhi
Bangalore,Karnataka
Hyderabad,Telangana
Ahmedabad,Gujarat
Chennai,Tamil Nadu
Kolkata,West Bengal
Pune,Maharashtra
Jaipur,Rajasthan
Lucknow,Uttar Pradesh
Kanpur,Uttar Pradesh
Nagpur,Maharashtra
Indore,Madhya Pradesh
Thane,Maharashtra
Bhopal,Madhya Pradesh
Visakhapatnam,Andhra Pradesh
Patna,Bihar
Vadodara,Gujarat
Ghaziabad,Uttar Pradesh
Ludhiana,Punjab
Mumbai,Maharashtra
Delhi,Delhi
Bangalore,Karnataka
Hyderabad,Telangana
Ahmedabad,Gujarat
Chennai,Tamil Nadu
Kolkata,West Bengal
Pune,Maharashtra
Jaipur,Rajasthan
Lucknow,Uttar Pradesh
Kanpur,Uttar Pradesh
Nagpur,Maharashtra
Indore,Madhya Pradesh
Thane,Maharashtra
Bhopal,Madhya Pradesh
Visakhapatnam,Andhra Pradesh
Patna,Bihar
Vadodara,Gujarat
Ghaziabad,Uttar Pradesh
Ludhiana,Punjab
Mumbai,Maharashtra
Delhi,Delhi
Bangalore,Karnataka
Hyderabad,Telangana
Ahmedabad,Gujarat
Chennai,Tamil Nadu
Kolkata,West Bengal
Pune,Maharashtra
Jaipur,Rajasthan
Lucknow,Uttar Pradesh
Kanpur,Uttar Pradesh
Nagpur,Maharashtra
Indore,Madhya Pradesh
Thane,Maharashtra
Bhopal,Madhya Pradesh
Visakhapatnam,Andhra Pradesh
Patna,Bihar
Vadodara,Gujarat
Ghaziabad,Uttar Pradesh
Ludhiana,Punjab
Mumbai,Maharashtra
Delhi,Delhi
Bangalore,Karnataka
Hyderabad,Telangana
Ahmedabad,Gujarat
Chennai,Tamil Nadu
Kolkata,West Bengal
Pune,Maharashtra
Jaipur,Rajasthan
Lucknow,Uttar Pradesh
Kanpur,Uttar Pradesh
Nagpur,Maharashtra
Indore,Madhya Pradesh
Thane,Maharashtra
Bhopal,Madhya Pradesh
Visakhapatnam,Andhra Pradesh
Patna,Bihar
Vadodara,Gujarat
Ghaziabad,Uttar Pradesh
Ludhiana,Punjab
Mumbai,Maharashtra
Delhi,Delhi
Bangalore,Karnataka
Hyderabad,Telangana
Ahmedabad,Gujarat
Chennai,Tamil Nadu
Kolkata,West Bengal
Pune,Maharashtra
Jaipur,Rajasthan
Lucknow,Uttar Pradesh
Kanpur,Uttar Pradesh
Nagpur,Maharashtra
Indore,Madhya Pradesh
Thane,Maharashtra
Bhopal,Madhya Pradesh
Visakhapatnam,Andhra Pradesh
Patna,Bihar
Vadodara,Gujarat
Ghaziabad,Uttar Pradesh
Ludhiana,Punjab
Mumbai,Maharashtra
Delhi,Delhi
Bangalore,Karnataka
Hyderabad,Telangana
Ahmedabad,Gujarat
Chennai,Tamil Nadu
Kolkata,West Bengal
Pune,Maharashtra
Jaipur,Rajasthan
Lucknow,Uttar Pradesh
Kanpur,Uttar Pradesh
Nagpur,Maharashtra
Indore,Madhya Pradesh
Thane,Maharashtra
Bhopal,Madhya Pradesh
Visakhapatnam,Andhra Pradesh
Patna,Bihar
Vadodara,Gujarat
Ghaziabad,Uttar Pradesh
Ludhiana,Punjab
Mumbai,Maharashtra
Delhi,Delhi
Bangalore,Karnataka
Hyderabad,Telangana
Ahmedabad,Gujarat
Chennai,Tamil Nadu
Kolkata,West Bengal
Pune,Maharashtra
Jaipur,Rajasthan
Lucknow,Uttar Pradesh
Kanpur,Uttar Pradesh
Nagpur,Maharashtra
Indore,Madhya Pradesh
Thane,Maharashtra
Bhopal,Madhya Pradesh
Visakhapatnam,Andhra Pradesh
Patna,Bihar
Vadodara,Gujarat
Ghaziabad,Uttar Pradesh
Ludhiana,Punjab
Mumbai,Maharashtra
Delhi,Delhi
Bangalore,Karnataka
Hyderabad,Telangana
Ahmedabad,Gujarat
Chennai,Tamil Nadu
Kolkata,West Bengal
Pune,Maharashtra
Jaipur,Rajasthan
Lucknow,Uttar Pradesh
Kanpur,Uttar Pradesh
Nagpur,Maharashtra
Indore,Madhya Pradesh
Thane,Maharashtra
Bhopal,Madhya Pradesh
Visakhapatnam,Andhra Pradesh
Patna,Bihar
Vadodara,Gujarat
Ghaziabad,Uttar Pradesh
Ludhiana,Punjab
Mumbai,Maharashtra
Delhi,Delhi
Bangalore,Karnataka
Hyderabad,Telangana
Ahmedabad,Gujarat
Chennai,Tamil Nadu
Kolkata,West Bengal
Pune,Maharashtra
Jaipur,Rajasthan
Lucknow,Uttar Pradesh
Kanpur,Uttar Pradesh
Nagpur,Maharashtra
Indore,Madhya Pradesh
Thane,Maharashtra
Bhopal,Madhya Pradesh
Visakhapatnam,Andhra Pradesh
Patna,Bihar
Vadodara,Gujarat
Ghaziabad,Uttar Pradesh
Ludhiana,Punjab
Mumbai,Maharashtra
Delhi,Delhi
Bangalore,Karnataka
Hyderabad,Telangana
Ahmedabad,Gujarat
Chennai,Tamil Nadu
Kolkata,West Bengal
Pune,Maharashtra
Jaipur,Rajasthan
Lucknow,Uttar Pradesh
Kanpur,Uttar Pradesh
Nagpur,Maharashtra
Indore,Madhya Pradesh
Thane,Maharashtra
Bhopal,Madhya Pradesh
Visakhapatnam,Andhra Pradesh
Patna,Bihar
Vadodara,Gujarat
Ghaziabad,Uttar Pradesh
Ludhiana,Punjab
Mumbai,Maharashtra
Delhi,Delhi
Bangalore,Karnataka
Hyderabad,Telangana
Ahmedabad,Gujarat
Chennai,Tamil Nadu
Kolkata,West Bengal
Pune,Maharashtra
Jaipur,Rajasthan
Lucknow,Uttar Pradesh
Kanpur,Uttar Pradesh
Nagpur,Maharashtra
Indore,Madhya Pradesh
Thane,Maharashtra
Bhopal,Madhya Pradesh
Visakhapatnam,Andhra Pradesh
Patna,Bihar
Vadodara,Gujarat
Ghaziabad,Uttar Pradesh
Ludhiana,Punjab
Mumbai,Maharashtra
Delhi,Delhi
Bangalore,Karnataka
Hyderabad,Telangana
Ahmedabad,Gujarat
Chennai,Tamil Nadu
Kolkata,West Bengal
Pune,Maharashtra
Jaipur,Rajasthan
Lucknow,Uttar Pradesh
Kanpur,Uttar Pradesh
Nagpur,Maharashtra
Indore,Madhya Pradesh
Thane,Maharashtra
Bhopal,Madhya Pradesh
Visakhapatnam,Andhra Pradesh
Patna,Bihar
Vadodara,Gujarat
Ghaziabad,Uttar Pradesh
Ludhiana,Punjab
Mumbai,Maharashtra
Delhi,Delhi
Bangalore,Karnataka
Hyderabad,Telangana
Ahmedabad,Gujarat
Chennai,Tamil Nadu
Kolkata,West Bengal
Pune,Maharashtra
Jaipur,Rajasthan
Lucknow,Uttar Pradesh
Kanpur,Uttar Pradesh
Nagpur,Maharashtra
Indore,Madhya Pradesh
Thane,Maharashtra
Bhopal,Madhya Pradesh
Visakhapatnam,Andhra Pradesh
Patna,Bihar
Vadodara,Gujarat
Ghaziabad,Uttar Pradesh
Ludhiana,Punjab
Mumbai,Maharashtra
Delhi,Delhi
Bangalore,Karnataka
Hyderabad,Telangana
Ahmedabad,Gujarat
Chennai,Tamil Nadu
Kolkata,West Bengal
Pune,Maharashtra
Jaipur,Rajasthan
Lucknow,Uttar Pradesh
Kanpur,Uttar Pradesh
Nagpur,Maharashtra
Indore,Madhya Pradesh
Thane,Maharashtra
Bhopal,Madhya Pradesh
Visakhapatnam,Andhra Pradesh
Patna,Bihar
Vadodara,Gujarat
Ghaziabad,Uttar Pradesh
Ludhiana,Punjab
Mumbai,Maharashtra
Delhi,Delhi
Bangalore,Karnataka
Hyderabad,Telangana
Ahmedabad,Gujarat
Chennai,Tamil Nadu
Kolkata,West Bengal
Pune,Maharashtra
Jaipur,Rajasthan
Lucknow,Uttar Pradesh
Kanpur,Uttar Pradesh
Nagpur,Maharashtra
Indore,Madhya Pradesh
Thane,Maharashtra
Bhopal,Madhya Pradesh
Visakhapatnam,Andhra Pradesh
Patna,Bihar
Vadodara,Gujarat
Ghaziabad,Uttar Pradesh
Ludhiana,Punjab
Mumbai,Maharashtra
Delhi,Delhi
Bangalore,Karnataka
Hyderabad,Telangana
Ahmedabad,Gujarat
Chennai,Tamil Nadu
Kolkata,West Bengal
Pune,Maharashtra
Jaipur,Rajasthan
Lucknow,Uttar Pradesh
Kanpur,Uttar Pradesh
Nagpur,Maharashtra
Indore,Madhya Pradesh
Thane,Maharashtra
Bhopal,Madhya Pradesh
Visakhapatnam,Andhra Pradesh
Patna,Bihar
Vadodara,Gujarat
Ghaziabad,Uttar Pradesh
Ludhiana,Punjab
Mumbai,Maharashtra
Delhi,Delhi
Bangalore,Karnataka
Hyderabad,Telangana
Ahmedabad,Gujarat
Chennai,Tamil Nadu
Kolkata,West Bengal
Pune,Maharashtra
Jaipur,Rajasthan
Lucknow,Uttar Pradesh
Kanpur,Uttar Pradesh
Nagpur,Maharashtra
Indore,Madhya Pradesh
Thane,Maharashtra
Bhopal,Madhya Pradesh
Visakhapatnam,Andhra Pradesh
Patna,Bihar
Vadodara,Gujarat
Ghaziabad,Uttar Pradesh
Ludhiana,Punjab
Mumbai,Maharashtra
Delhi,Delhi
Bangalore,Karnataka
Hyderabad,Telangana
Ahmedabad,Gujarat
Chennai,Tamil Nadu
Kolkata,West Bengal
Pune,Maharashtra
Jaipur,Rajasthan
Lucknow,Uttar Pradesh
Kanpur,Uttar Pradesh
Nagpur,Maharashtra
Indore,Madhya Pradesh
Thane,Maharashtra
Bhopal,Madhya Pradesh
Visakhapatnam,Andhra Pradesh
Patna,Bihar
Vadodara,Gujarat
Ghaziabad,Uttar Pradesh
Ludhiana,Punjab
Mumbai,Maharashtra
Delhi,Delhi
Bangalore,Karnataka
Hyderabad,Telangana
Ahmedabad,Gujarat
Chennai,Tamil Nadu
Kolkata,West Bengal
Pune,Maharashtra
Jaipur,Rajasthan
Lucknow,Uttar Pradesh
Kanpur,Uttar Pradesh
Nagpur,Maharashtra
Indore,Madhya Pradesh
Thane,Maharashtra
Bhopal,Madhya Pradesh
Visakhapatnam,Andhra Pradesh
Patna,Bihar
Vadodara,Gujarat
Ghaziabad,Uttar Pradesh
Ludhiana,Punjab
Mumbai,Maharashtra
Delhi,Delhi
Bangalore,Karnataka
Hyderabad,Telangana
Ahmedabad,Gujarat
Chennai,Tamil Nadu
Kolkata,West Bengal
Pune,Maharashtra
Jaipur,Rajasthan
Lucknow,Uttar Pradesh
Kanpur,Uttar Pradesh
Nagpur,Maharashtra
Indore,Madhya Pradesh
Thane,Maharashtra
Bhopal,Madhya Pradesh
Visakhapatnam,Andhra Pradesh
Patna,Bihar
Vadodara,Gujarat
Ghaziabad,Uttar Pradesh
Ludhiana,Punjab
Mumbai,Maharashtra
Delhi,Delhi
Bangalore,Karnataka
Hyderabad,Telangana
Ahmedabad,Gujarat
Chennai,Tamil Nadu
Kolkata,West Bengal
Pune,Maharashtra
Jaipur,Rajasthan
Lucknow,Uttar Pradesh
Kanpur,Uttar Pradesh
Nagpur,Maharashtra
Indore,Madhya Pradesh
Thane,Maharashtra
Bhopal,Madhya Pradesh
Visakhapatnam,Andhra Pradesh
Patna,Bihar
Vadodara,Gujarat
Ghaziabad,Uttar Pradesh
Ludhiana,Punjab
Mumbai,Maharashtra
Delhi,Delhi
Bangalore,Karnataka
Hyderabad,Telangana
Ahmedabad,Gujarat
Chennai,Tamil Nadu
Kolkata,West Bengal
Pune,Maharashtra
Jaipur,Rajasthan
Lucknow,Uttar Pradesh
Kanpur,Uttar Pradesh
Nagpur,Maharashtra
Indore,Madhya Pradesh
Thane,Maharashtra
Bhopal,Madhya Pradesh
Visakhapatnam,Andhra Pradesh
Patna,Bihar
Vadodara,Gujarat
Ghaziabad,Uttar Pradesh
Ludhiana,Punjab
Mumbai,Maharashtra
Delhi,Delhi
Bangalore,Karnataka
Hyderabad,Telangana
Ahmedabad,Gujarat
Chennai,Tamil Nadu
Kolkata,West Bengal
Pune,Maharashtra
Jaipur,Rajasthan
Lucknow,Uttar Pradesh
Kanpur,Uttar Pradesh
Nagpur,Maharashtra
Indore,Madhya Pradesh
Thane,Maharashtra
Bhopal,Madhya Pradesh
Visakhapatnam,Andhra Pradesh
Patna,Bihar
Vadodara,Gujarat
Ghaziabad,Uttar Pradesh
Ludhiana,Punjab
Mumbai,Maharashtra
Delhi,Delhi
Bangalore,Karnataka
Hyderabad,Telangana
Ahmedabad,Gujarat
Chennai,Tamil Nadu
Kolkata,West Bengal
Pune,Maharashtra
Jaipur,Rajasthan
Lucknow,Uttar Pradesh
Kanpur,Uttar Pradesh
Nagpur,Maharashtra
Indore,Madhya Pradesh
Thane,Maharashtra
Bhopal,Madhya Pradesh
Visakhapatnam,Andhra Pradesh
Patna,Bihar
Vadodara,Gujarat
Ghaziabad,Uttar Pradesh
Ludhiana,Punjab
Mumbai,Maharashtra
Delhi,Delhi
Bangalore,Karnataka
Hyderabad,Telangana
Ahmedabad,Gujarat
Chennai,Tamil Nadu
Kolkata,West Bengal
Pune,Maharashtra
Jaipur,Rajasthan
Lucknow,Uttar Pradesh
Kanpur,Uttar Pradesh
Nagpur,Maharashtra
Indore,Madhya Pradesh
Thane,Maharashtra
Bhopal,Madhya Pradesh
Visakhapatnam,Andhra Pradesh
Patna,Bihar
Vadodara,Gujarat
Ghaziabad,Uttar Pradesh
Ludhiana,Punjab
Mumbai,Maharashtra
Delhi,Delhi
Bangalore,Karnataka
Hyderabad,Telangana
Ahmedabad,Gujarat
Chennai,Tamil Nadu
Kolkata,West Bengal
Pune,Maharashtra
Jaipur,Rajasthan
Lucknow,Uttar Pradesh
Kanpur,Uttar Pradesh
Nagpur,Maharashtra
Indore,Madhya Pradesh
Thane,Maharashtra
Bhopal,Madhya Pradesh
Visakhapatnam,Andhra Pradesh
Patna,Bihar
Vadodara,Gujarat
Ghaziabad,Uttar Pradesh
Ludhiana,Punjab
Mumbai,Maharashtra
Delhi,Delhi
Bangalore,Karnataka
Hyderabad,Telangana
Ahmedabad,Gujarat
Chennai,Tamil Nadu
Kolkata,West Bengal
Pune,Maharashtra
Jaipur,Rajasthan
Lucknow,Uttar Pradesh
Kanpur,Uttar Pradesh
Nagpur,Maharashtra
Indore,Madhya Pradesh
Thane,Maharashtra
Bhopal,Madhya Pradesh
Visakhapatnam,Andhra Pradesh
Patna,Bihar
Vadodara,Gujarat
Ghaziabad,Uttar Pradesh
Ludhiana,Punjab
Mumbai,Maharashtra
Delhi,Delhi
Bangalore,Karnataka
Hyderabad,Telangana
Ahmedabad,Gujarat
Chennai,Tamil Nadu
Kolkata,West Bengal
Pune,Maharashtra
Jaipur,Rajasthan
Lucknow,Uttar Pradesh
Kanpur,Uttar Pradesh
Nagpur,Maharashtra
Indore,Madhya Pradesh
Thane,Maharashtra
Bhopal,Madhya Pradesh
Visakhapatnam,Andhra Pradesh
Patna,Bihar
Vadodara,Gujarat
Ghaziabad,Uttar Pradesh
Ludhiana,Punjab
Mumbai,Maharashtra
Delhi,Delhi
Bangalore,Karnataka
Hyderabad,Telangana
Ahmedabad,Gujarat
Chennai,Tamil Nadu
Kolkata,West Bengal
Pune,Maharashtra
Jaipur,Rajasthan
Lucknow,Uttar Pradesh
Kanpur,Uttar Pradesh
Nagpur,Maharashtra
Indore,Madhya Pradesh
Thane,Maharashtra
Bhopal,Madhya Pradesh
Visakhapatnam,Andhra Pradesh
Patna,Bihar
Vadodara,Gujarat
Ghaziabad,Uttar Pradesh
Ludhiana,Punjab
Mumbai,Maharashtra
Delhi,Delhi
Bangalore,Karnataka
Hyderabad,Telangana
Ahmedabad,Gujarat
Chennai,Tamil Nadu
Kolkata,West Bengal
Pune,Maharashtra
Jaipur,Rajasthan
Lucknow,Uttar Pradesh
Kanpur,Uttar Pradesh
Nagpur,Maharashtra
Indore,Madhya Pradesh
Thane,Maharashtra
Bhopal,Madhya Pradesh
Visakhapatnam,Andhra Pradesh
Patna,Bihar
Vadodara,Gujarat
Ghaziabad,Uttar Pradesh
Ludhiana,Punjab
Mumbai,Maharashtra
Delhi,Delhi
Bangalore,Karnataka
Hyderabad,Telangana
Ahmedabad,Gujarat
Chennai,Tamil Nadu
Kolkata,West Bengal
Pune,Maharashtra
Jaipur,Rajasthan
Lucknow,Uttar Pradesh
Kanpur,Uttar Pradesh
Nagpur,Maharashtra
Indore,Madhya Pradesh
Thane,Maharashtra
Bhopal,Madhya Pradesh
Visakhapatnam,Andhra Pradesh
Patna,Bihar
Vadodara,Gujarat
Ghaziabad,Uttar Pradesh
Ludhiana,Punjab
Mumbai,Maharashtra
Delhi,Delhi
Bangalore,Karnataka
Hyderabad,Telangana
Ahmedabad,Gujarat
Chennai,Tamil Nadu
Kolkata,West Bengal
Pune,Maharashtra
Jaipur,Rajasthan
Lucknow,Uttar Pradesh
Kanpur,Uttar Pradesh
Nagpur,Maharashtra
Indore,Madhya Pradesh
Thane,Maharashtra
Bhopal,Madhya Pradesh
Visakhapatnam,Andhra Pradesh
Patna,Bihar
Vadodara,Gujarat
Ghaziabad,Uttar Pradesh
Ludhiana,Punjab
Mumbai,Maharashtra
Delhi,Delhi
Bangalore,Karnataka
Hyderabad,Telangana
Ahmedabad,Gujarat
Chennai,Tamil Nadu
Kolkata,West Bengal
Pune,Maharashtra
Jaipur,Rajasthan
Lucknow,Uttar Pradesh
Kanpur,Uttar Pradesh
Nagpur,Maharashtra
Indore,Madhya Pradesh
Thane,Maharashtra
Bhopal,Madhya Pradesh
Visakhapatnam,Andhra Pradesh
Patna,Bihar
Vadodara,Gujarat
Ghaziabad,Uttar Pradesh
Ludhiana,Punjab
Mumbai,Maharashtra
Delhi,Delhi
Bangalore,Karnataka
Hyderabad,Telangana
Ahmedabad,Gujarat
Chennai,Tamil Nadu
Kolkata,West Bengal
Pune,Maharashtra
Jaipur,Rajasthan
Lucknow,Uttar Pradesh
Kanpur,Uttar Pradesh
Nagpur,Maharashtra
Indore,Madhya Pradesh
Thane,Maharashtra
Bhopal,Madhya Pradesh
Visakhapatnam,Andhra Pradesh
Patna,Bihar
Vadodara,Gujarat
Ghaziabad,Uttar Pradesh
Ludhiana,Punjab
Mumbai,Maharashtra
Delhi,Delhi
Bangalore,Karnataka
Hyderabad,Telangana
Ahmedabad,Gujarat
Chennai,Tamil Nadu
Kolkata,West Bengal
Pune,Maharashtra
Jaipur,Rajasthan
Lucknow,Uttar Pradesh
Kanpur,Uttar Pradesh
Nagpur,Maharashtra
Indore,Madhya Pradesh
Thane,Maharashtra
Bhopal,Madhya Pradesh
Visakhapatnam,Andhra Pradesh
Patna,Bihar
Vadodara,Gujarat
Ghaziabad,Uttar Pradesh
Ludhiana,Punjab
Mumbai,Maharashtra
Delhi,Delhi
Bangalore,Karnataka
Hyderabad,Telangana
Ahmedabad,Gujarat
Chennai,Tamil Nadu
Kolkata,West Bengal
Pune,Maharashtra
Jaipur,Rajasthan
Lucknow,Uttar Pradesh
Kanpur,Uttar Pradesh
Nagpur,Maharashtra
Indore,Madhya Pradesh
Thane,Maharashtra
Bhopal,Madhya Pradesh
Visakhapatnam,Andhra Pradesh
Patna,Bihar
Vadodara,Gujarat
Ghaziabad,Uttar Pradesh
Ludhiana,Punjab
